,trial,condition,rt,ID
10,11,congruent,356,1
11,12,congruent,527,1
12,13,incongruent,557,1
13,14,congruent,527,1
14,15,incongruent,642,1
15,16,congruent,506,1
16,17,incongruent,465,1
17,18,congruent,352,1
18,19,congruent,326,1
19,20,incongruent,527,1
20,21,congruent,525,1
21,22,congruent,380,1
22,23,incongruent,534,1
23,24,incongruent,611,1
24,25,incongruent,591,1
25,26,incongruent,482,1
26,27,congruent,432,1
27,28,congruent,465,1
28,29,congruent,287,1
29,30,congruent,352,1
30,31,congruent,333,1
31,32,incongruent,525,1
32,33,congruent,423,1
33,34,congruent,399,1
34,35,incongruent,619,1
35,36,incongruent,581,1
36,37,congruent,374,1
37,38,incongruent,641,1
38,39,congruent,587,1
39,40,incongruent,534,1
40,41,incongruent,527,1
41,42,congruent,306,1
42,43,congruent,517,1
43,44,congruent,512,1
44,45,congruent,411,1
45,46,incongruent,553,1
46,47,incongruent,475,1
47,48,congruent,348,1
48,49,congruent,535,1
49,50,incongruent,464,1
50,51,congruent,407,1
51,52,incongruent,476,1
52,53,congruent,421,1
53,54,congruent,379,1
54,55,incongruent,538,1
55,56,incongruent,603,1
56,57,incongruent,527,1
57,58,incongruent,550,1
58,59,congruent,384,1
59,60,incongruent,440,1
60,61,incongruent,539,1
61,62,congruent,393,1
62,63,incongruent,604,1
63,64,incongruent,421,1
64,65,incongruent,465,1
65,66,incongruent,518,1
66,67,congruent,381,1
67,68,incongruent,473,1
68,69,congruent,440,1
69,70,congruent,465,1
70,71,congruent,410,1
71,72,congruent,489,1
72,73,congruent,567,1
73,74,congruent,423,1
74,75,incongruent,517,1
75,76,congruent,436,1
76,77,incongruent,515,1
77,78,incongruent,695,1
78,79,congruent,334,1
79,80,congruent,262,1
80,81,incongruent,547,1
81,82,incongruent,559,1
82,83,congruent,450,1
83,84,incongruent,446,1
84,85,incongruent,774,1
85,86,congruent,458,1
86,87,congruent,373,1
87,88,congruent,355,1
88,89,congruent,384,1
89,90,congruent,391,1
90,91,congruent,365,1
91,92,incongruent,631,1
92,93,incongruent,524,1
93,94,congruent,320,1
94,95,congruent,428,1
95,96,incongruent,530,1
96,97,incongruent,566,1
97,98,incongruent,552,1
98,99,congruent,374,1
99,100,congruent,479,1
10,11,congruent,427,2
11,12,congruent,369,2
12,13,incongruent,468,2
13,14,incongruent,603,2
14,15,incongruent,644,2
15,16,congruent,370,2
16,17,incongruent,472,2
17,18,congruent,367,2
18,19,incongruent,463,2
19,20,congruent,460,2
20,21,congruent,360,2
21,22,congruent,316,2
22,23,congruent,538,2
23,24,congruent,516,2
24,25,incongruent,495,2
25,26,congruent,354,2
26,27,incongruent,596,2
27,28,incongruent,448,2
28,29,congruent,436,2
29,30,congruent,495,2
30,31,incongruent,490,2
31,32,incongruent,643,2
32,33,congruent,429,2
33,34,congruent,537,2
34,35,incongruent,510,2
35,36,congruent,370,2
36,37,congruent,280,2
37,38,congruent,424,2
38,39,congruent,483,2
39,40,congruent,436,2
40,41,congruent,462,2
41,42,congruent,380,2
42,43,incongruent,571,2
43,44,congruent,447,2
44,45,congruent,443,2
45,46,incongruent,707,2
46,47,incongruent,455,2
47,48,congruent,406,2
48,49,congruent,462,2
49,50,incongruent,567,2
50,51,incongruent,529,2
51,52,congruent,467,2
52,53,congruent,458,2
53,54,incongruent,555,2
54,55,congruent,532,2
55,56,congruent,440,2
56,57,incongruent,429,2
57,58,congruent,388,2
58,59,congruent,432,2
59,60,congruent,382,2
60,61,incongruent,628,2
61,62,congruent,323,2
62,63,congruent,422,2
63,64,congruent,506,2
64,65,congruent,333,2
65,66,congruent,460,2
66,67,incongruent,434,2
67,68,incongruent,504,2
68,69,incongruent,638,2
69,70,incongruent,603,2
70,71,incongruent,547,2
71,72,congruent,470,2
72,73,congruent,366,2
73,74,incongruent,506,2
74,75,incongruent,558,2
75,76,congruent,404,2
76,77,incongruent,583,2
77,78,incongruent,456,2
78,79,congruent,328,2
79,80,congruent,499,2
80,81,incongruent,505,2
81,82,incongruent,438,2
82,83,congruent,482,2
83,84,congruent,422,2
84,85,congruent,343,2
85,86,incongruent,471,2
86,87,incongruent,603,2
87,88,congruent,477,2
88,89,incongruent,544,2
89,90,congruent,488,2
90,91,congruent,342,2
91,92,incongruent,541,2
92,93,incongruent,569,2
93,94,incongruent,548,2
94,95,congruent,434,2
95,96,incongruent,440,2
96,97,congruent,354,2
97,98,incongruent,522,2
98,99,incongruent,679,2
99,100,congruent,417,2
10,11,congruent,369,3
11,12,congruent,375,3
12,13,incongruent,613,3
13,14,incongruent,360,3
14,15,congruent,546,3
15,16,incongruent,550,3
16,17,incongruent,591,3
17,18,congruent,469,3
18,19,incongruent,566,3
19,20,incongruent,496,3
20,21,congruent,369,3
21,22,congruent,328,3
22,23,congruent,489,3
23,24,incongruent,503,3
24,25,congruent,418,3
25,26,incongruent,543,3
26,27,incongruent,511,3
27,28,incongruent,522,3
28,29,incongruent,571,3
29,30,congruent,386,3
30,31,congruent,325,3
31,32,incongruent,588,3
32,33,incongruent,392,3
33,34,congruent,378,3
34,35,incongruent,621,3
35,36,congruent,414,3
36,37,incongruent,617,3
37,38,congruent,380,3
38,39,congruent,475,3
39,40,incongruent,575,3
40,41,congruent,374,3
41,42,incongruent,500,3
42,43,congruent,309,3
43,44,incongruent,460,3
44,45,incongruent,504,3
45,46,congruent,519,3
46,47,incongruent,612,3
47,48,congruent,442,3
48,49,congruent,444,3
49,50,congruent,392,3
50,51,incongruent,555,3
51,52,congruent,362,3
52,53,incongruent,615,3
53,54,congruent,453,3
54,55,congruent,413,3
55,56,congruent,329,3
56,57,incongruent,537,3
57,58,incongruent,524,3
58,59,congruent,429,3
59,60,congruent,338,3
60,61,congruent,397,3
61,62,congruent,381,3
62,63,incongruent,541,3
63,64,congruent,378,3
64,65,incongruent,666,3
65,66,incongruent,620,3
66,67,incongruent,534,3
67,68,congruent,306,3
68,69,incongruent,466,3
69,70,congruent,398,3
70,71,congruent,391,3
71,72,incongruent,720,3
72,73,congruent,327,3
73,74,incongruent,461,3
74,75,incongruent,528,3
75,76,incongruent,580,3
76,77,incongruent,575,3
77,78,incongruent,545,3
78,79,incongruent,562,3
79,80,congruent,300,3
80,81,congruent,424,3
81,82,incongruent,625,3
82,83,congruent,465,3
83,84,incongruent,586,3
84,85,congruent,353,3
85,86,incongruent,539,3
86,87,incongruent,485,3
87,88,incongruent,622,3
88,89,congruent,424,3
89,90,congruent,314,3
90,91,congruent,409,3
91,92,congruent,416,3
92,93,congruent,587,3
93,94,congruent,392,3
94,95,congruent,474,3
95,96,congruent,421,3
96,97,congruent,430,3
97,98,incongruent,668,3
98,99,congruent,456,3
99,100,incongruent,427,3
10,11,incongruent,559,4
11,12,congruent,446,4
12,13,congruent,434,4
13,14,congruent,374,4
14,15,congruent,342,4
15,16,congruent,353,4
16,17,congruent,324,4
17,18,congruent,395,4
18,19,congruent,433,4
19,20,incongruent,459,4
20,21,congruent,443,4
21,22,incongruent,491,4
22,23,congruent,356,4
23,24,congruent,452,4
24,25,incongruent,523,4
25,26,incongruent,564,4
26,27,incongruent,520,4
27,28,incongruent,637,4
28,29,congruent,375,4
29,30,incongruent,581,4
30,31,incongruent,552,4
31,32,incongruent,689,4
32,33,congruent,416,4
33,34,congruent,384,4
34,35,congruent,455,4
35,36,congruent,338,4
36,37,incongruent,566,4
37,38,congruent,360,4
38,39,incongruent,603,4
39,40,incongruent,502,4
40,41,congruent,425,4
41,42,congruent,331,4
42,43,incongruent,718,4
43,44,congruent,408,4
44,45,congruent,463,4
45,46,congruent,300,4
46,47,incongruent,599,4
47,48,incongruent,437,4
48,49,incongruent,457,4
49,50,incongruent,533,4
50,51,incongruent,507,4
51,52,congruent,464,4
52,53,congruent,282,4
53,54,incongruent,515,4
54,55,congruent,288,4
55,56,congruent,405,4
56,57,incongruent,454,4
57,58,incongruent,514,4
58,59,congruent,306,4
59,60,congruent,393,4
60,61,incongruent,525,4
61,62,congruent,526,4
62,63,congruent,360,4
63,64,congruent,347,4
64,65,congruent,421,4
65,66,congruent,389,4
66,67,incongruent,581,4
67,68,incongruent,590,4
68,69,congruent,347,4
69,70,incongruent,454,4
70,71,incongruent,527,4
71,72,congruent,377,4
72,73,incongruent,656,4
73,74,incongruent,515,4
74,75,incongruent,592,4
75,76,incongruent,522,4
76,77,incongruent,521,4
77,78,incongruent,493,4
78,79,incongruent,505,4
79,80,congruent,433,4
80,81,incongruent,594,4
81,82,congruent,369,4
82,83,incongruent,439,4
83,84,incongruent,470,4
84,85,incongruent,584,4
85,86,congruent,333,4
86,87,incongruent,527,4
87,88,incongruent,502,4
88,89,incongruent,423,4
89,90,incongruent,574,4
90,91,incongruent,641,4
91,92,congruent,383,4
92,93,incongruent,439,4
93,94,incongruent,616,4
94,95,congruent,424,4
95,96,congruent,400,4
96,97,incongruent,458,4
97,98,congruent,410,4
98,99,incongruent,447,4
99,100,congruent,471,4
10,11,incongruent,525,5
11,12,congruent,352,5
12,13,incongruent,494,5
13,14,congruent,368,5
14,15,congruent,494,5
15,16,incongruent,512,5
16,17,congruent,409,5
17,18,incongruent,437,5
18,19,congruent,438,5
19,20,incongruent,484,5
20,21,incongruent,650,5
21,22,congruent,362,5
22,23,incongruent,613,5
23,24,congruent,348,5
24,25,incongruent,605,5
25,26,congruent,356,5
26,27,incongruent,388,5
27,28,incongruent,533,5
28,29,incongruent,498,5
29,30,congruent,354,5
30,31,incongruent,529,5
31,32,incongruent,622,5
32,33,congruent,428,5
33,34,congruent,403,5
34,35,congruent,348,5
35,36,incongruent,535,5
36,37,congruent,454,5
37,38,congruent,411,5
38,39,incongruent,457,5
39,40,incongruent,562,5
40,41,congruent,327,5
41,42,incongruent,558,5
42,43,congruent,406,5
43,44,congruent,467,5
44,45,incongruent,446,5
45,46,incongruent,502,5
46,47,congruent,470,5
47,48,incongruent,535,5
48,49,incongruent,459,5
49,50,congruent,434,5
50,51,incongruent,714,5
51,52,incongruent,548,5
52,53,incongruent,548,5
53,54,congruent,373,5
54,55,incongruent,561,5
55,56,incongruent,606,5
56,57,incongruent,743,5
57,58,congruent,420,5
58,59,congruent,422,5
59,60,congruent,372,5
60,61,incongruent,478,5
61,62,congruent,468,5
62,63,congruent,362,5
63,64,congruent,545,5
64,65,incongruent,402,5
65,66,congruent,408,5
66,67,incongruent,704,5
67,68,congruent,376,5
68,69,incongruent,631,5
69,70,congruent,508,5
70,71,incongruent,646,5
71,72,incongruent,565,5
72,73,congruent,328,5
73,74,congruent,304,5
74,75,incongruent,601,5
75,76,congruent,320,5
76,77,incongruent,415,5
77,78,congruent,344,5
78,79,incongruent,475,5
79,80,congruent,381,5
80,81,congruent,385,5
81,82,congruent,379,5
82,83,congruent,304,5
83,84,congruent,383,5
84,85,incongruent,586,5
85,86,incongruent,548,5
86,87,congruent,349,5
87,88,incongruent,489,5
88,89,incongruent,664,5
89,90,incongruent,528,5
90,91,congruent,337,5
91,92,congruent,482,5
92,93,incongruent,604,5
93,94,congruent,460,5
94,95,congruent,445,5
95,96,incongruent,497,5
96,97,congruent,338,5
97,98,incongruent,520,5
98,99,congruent,332,5
99,100,incongruent,478,5
10,11,incongruent,525,6
11,12,congruent,371,6
12,13,congruent,355,6
13,14,incongruent,455,6
14,15,incongruent,556,6
15,16,congruent,414,6
16,17,congruent,441,6
17,18,incongruent,513,6
18,19,incongruent,412,6
19,20,incongruent,463,6
20,21,congruent,438,6
21,22,incongruent,491,6
22,23,incongruent,618,6
23,24,incongruent,561,6
24,25,incongruent,547,6
25,26,congruent,441,6
26,27,congruent,375,6
27,28,incongruent,542,6
28,29,incongruent,557,6
29,30,incongruent,510,6
30,31,incongruent,490,6
31,32,congruent,411,6
32,33,congruent,381,6
33,34,congruent,383,6
34,35,incongruent,535,6
35,36,incongruent,417,6
36,37,congruent,410,6
37,38,incongruent,684,6
38,39,incongruent,605,6
39,40,incongruent,620,6
40,41,congruent,353,6
41,42,congruent,358,6
42,43,incongruent,684,6
43,44,incongruent,543,6
44,45,congruent,361,6
45,46,incongruent,467,6
46,47,congruent,363,6
47,48,congruent,368,6
48,49,congruent,432,6
49,50,incongruent,563,6
50,51,congruent,322,6
51,52,incongruent,597,6
52,53,congruent,395,6
53,54,incongruent,572,6
54,55,incongruent,521,6
55,56,incongruent,589,6
56,57,congruent,359,6
57,58,congruent,417,6
58,59,incongruent,607,6
59,60,congruent,416,6
60,61,congruent,369,6
61,62,incongruent,508,6
62,63,congruent,348,6
63,64,incongruent,494,6
64,65,incongruent,478,6
65,66,incongruent,505,6
66,67,congruent,489,6
67,68,congruent,485,6
68,69,incongruent,690,6
69,70,incongruent,471,6
70,71,incongruent,494,6
71,72,congruent,454,6
72,73,congruent,376,6
73,74,congruent,379,6
74,75,congruent,327,6
75,76,incongruent,604,6
76,77,incongruent,546,6
77,78,incongruent,502,6
78,79,congruent,425,6
79,80,congruent,482,6
80,81,incongruent,591,6
81,82,incongruent,565,6
82,83,incongruent,624,6
83,84,incongruent,638,6
84,85,congruent,298,6
85,86,incongruent,563,6
86,87,incongruent,561,6
87,88,incongruent,573,6
88,89,incongruent,545,6
89,90,congruent,347,6
90,91,incongruent,587,6
91,92,congruent,386,6
92,93,congruent,468,6
93,94,congruent,393,6
94,95,incongruent,482,6
95,96,congruent,379,6
96,97,congruent,400,6
97,98,congruent,366,6
98,99,congruent,420,6
99,100,congruent,412,6
10,11,congruent,490,7
11,12,incongruent,616,7
12,13,incongruent,578,7
13,14,congruent,459,7
14,15,incongruent,459,7
15,16,incongruent,561,7
16,17,incongruent,512,7
17,18,congruent,393,7
18,19,congruent,366,7
19,20,incongruent,653,7
20,21,incongruent,576,7
21,22,congruent,336,7
22,23,congruent,452,7
23,24,congruent,383,7
24,25,incongruent,651,7
25,26,incongruent,653,7
26,27,congruent,340,7
27,28,congruent,370,7
28,29,congruent,556,7
29,30,congruent,406,7
30,31,congruent,409,7
31,32,incongruent,633,7
32,33,incongruent,672,7
33,34,incongruent,552,7
34,35,congruent,299,7
35,36,congruent,308,7
36,37,congruent,607,7
37,38,incongruent,497,7
38,39,congruent,358,7
39,40,incongruent,831,7
40,41,incongruent,494,7
41,42,congruent,342,7
42,43,congruent,417,7
43,44,congruent,312,7
44,45,incongruent,531,7
45,46,congruent,296,7
46,47,congruent,468,7
47,48,congruent,478,7
48,49,congruent,376,7
49,50,congruent,374,7
50,51,incongruent,628,7
51,52,incongruent,557,7
52,53,congruent,392,7
53,54,congruent,382,7
54,55,congruent,389,7
55,56,congruent,352,7
56,57,congruent,385,7
57,58,incongruent,486,7
58,59,congruent,366,7
59,60,incongruent,545,7
60,61,incongruent,597,7
61,62,congruent,452,7
62,63,incongruent,607,7
63,64,incongruent,536,7
64,65,congruent,495,7
65,66,incongruent,605,7
66,67,congruent,328,7
67,68,incongruent,480,7
68,69,congruent,295,7
69,70,congruent,400,7
70,71,congruent,290,7
71,72,incongruent,666,7
72,73,incongruent,623,7
73,74,congruent,423,7
74,75,incongruent,524,7
75,76,incongruent,610,7
76,77,congruent,410,7
77,78,incongruent,633,7
78,79,incongruent,653,7
79,80,incongruent,460,7
80,81,congruent,327,7
81,82,congruent,347,7
82,83,incongruent,575,7
83,84,incongruent,572,7
84,85,incongruent,473,7
85,86,congruent,412,7
86,87,congruent,461,7
87,88,incongruent,400,7
88,89,congruent,483,7
89,90,congruent,374,7
90,91,congruent,432,7
91,92,incongruent,656,7
92,93,incongruent,502,7
93,94,incongruent,537,7
94,95,incongruent,470,7
95,96,congruent,401,7
96,97,congruent,308,7
97,98,incongruent,531,7
98,99,congruent,418,7
99,100,incongruent,545,7
10,11,congruent,431,8
11,12,congruent,413,8
12,13,congruent,478,8
13,14,incongruent,451,8
14,15,congruent,441,8
15,16,incongruent,622,8
16,17,congruent,453,8
17,18,congruent,433,8
18,19,congruent,556,8
19,20,incongruent,508,8
20,21,congruent,541,8
21,22,incongruent,711,8
22,23,incongruent,385,8
23,24,incongruent,562,8
24,25,incongruent,458,8
25,26,incongruent,573,8
26,27,congruent,437,8
27,28,incongruent,654,8
28,29,incongruent,489,8
29,30,incongruent,483,8
30,31,incongruent,625,8
31,32,incongruent,717,8
32,33,congruent,407,8
33,34,incongruent,480,8
34,35,incongruent,650,8
35,36,congruent,435,8
36,37,congruent,397,8
37,38,congruent,407,8
38,39,congruent,462,8
39,40,congruent,385,8
40,41,incongruent,444,8
41,42,congruent,534,8
42,43,congruent,389,8
43,44,congruent,425,8
44,45,incongruent,642,8
45,46,congruent,291,8
46,47,congruent,359,8
47,48,congruent,446,8
48,49,congruent,462,8
49,50,congruent,350,8
50,51,incongruent,649,8
51,52,congruent,355,8
52,53,congruent,348,8
53,54,incongruent,428,8
54,55,incongruent,743,8
55,56,incongruent,566,8
56,57,incongruent,649,8
57,58,incongruent,462,8
58,59,congruent,400,8
59,60,incongruent,476,8
60,61,congruent,459,8
61,62,congruent,367,8
62,63,congruent,496,8
63,64,incongruent,643,8
64,65,incongruent,619,8
65,66,incongruent,461,8
66,67,incongruent,565,8
67,68,congruent,397,8
68,69,incongruent,613,8
69,70,congruent,310,8
70,71,congruent,439,8
71,72,congruent,309,8
72,73,incongruent,454,8
73,74,congruent,336,8
74,75,incongruent,545,8
75,76,congruent,367,8
76,77,incongruent,532,8
77,78,incongruent,512,8
78,79,incongruent,591,8
79,80,incongruent,577,8
80,81,congruent,382,8
81,82,congruent,397,8
82,83,incongruent,511,8
83,84,congruent,404,8
84,85,congruent,281,8
85,86,congruent,444,8
86,87,congruent,552,8
87,88,congruent,250,8
88,89,congruent,334,8
89,90,congruent,470,8
90,91,congruent,446,8
91,92,congruent,428,8
92,93,incongruent,626,8
93,94,congruent,499,8
94,95,incongruent,420,8
95,96,incongruent,451,8
96,97,incongruent,481,8
97,98,congruent,353,8
98,99,congruent,442,8
99,100,incongruent,583,8
10,11,congruent,420,9
11,12,congruent,419,9
12,13,congruent,351,9
13,14,congruent,449,9
14,15,congruent,312,9
15,16,congruent,343,9
16,17,congruent,348,9
17,18,incongruent,641,9
18,19,incongruent,590,9
19,20,congruent,407,9
20,21,incongruent,468,9
21,22,congruent,272,9
22,23,incongruent,541,9
23,24,congruent,417,9
24,25,congruent,417,9
25,26,congruent,351,9
26,27,incongruent,536,9
27,28,congruent,422,9
28,29,congruent,337,9
29,30,congruent,468,9
30,31,incongruent,563,9
31,32,congruent,354,9
32,33,congruent,554,9
33,34,congruent,419,9
34,35,incongruent,617,9
35,36,incongruent,487,9
36,37,congruent,483,9
37,38,congruent,295,9
38,39,congruent,340,9
39,40,incongruent,401,9
40,41,congruent,371,9
41,42,congruent,386,9
42,43,incongruent,654,9
43,44,incongruent,479,9
44,45,congruent,536,9
45,46,congruent,325,9
46,47,incongruent,519,9
47,48,incongruent,575,9
48,49,incongruent,529,9
49,50,congruent,509,9
50,51,incongruent,751,9
51,52,incongruent,607,9
52,53,congruent,586,9
53,54,incongruent,484,9
54,55,incongruent,517,9
55,56,incongruent,485,9
56,57,incongruent,535,9
57,58,congruent,318,9
58,59,incongruent,524,9
59,60,congruent,481,9
60,61,incongruent,639,9
61,62,incongruent,535,9
62,63,incongruent,593,9
63,64,congruent,261,9
64,65,incongruent,650,9
65,66,incongruent,565,9
66,67,congruent,427,9
67,68,incongruent,566,9
68,69,incongruent,472,9
69,70,incongruent,497,9
70,71,incongruent,506,9
71,72,congruent,567,9
72,73,congruent,300,9
73,74,incongruent,533,9
74,75,congruent,335,9
75,76,incongruent,561,9
76,77,incongruent,602,9
77,78,incongruent,593,9
78,79,incongruent,571,9
79,80,incongruent,562,9
80,81,congruent,480,9
81,82,congruent,441,9
82,83,incongruent,512,9
83,84,incongruent,657,9
84,85,congruent,458,9
85,86,incongruent,570,9
86,87,incongruent,503,9
87,88,congruent,442,9
88,89,incongruent,538,9
89,90,incongruent,419,9
90,91,incongruent,464,9
91,92,congruent,511,9
92,93,incongruent,631,9
93,94,incongruent,660,9
94,95,incongruent,538,9
95,96,congruent,399,9
96,97,incongruent,446,9
97,98,incongruent,499,9
98,99,incongruent,589,9
99,100,congruent,370,9
10,11,congruent,404,10
11,12,congruent,413,10
12,13,congruent,294,10
13,14,incongruent,506,10
14,15,incongruent,396,10
15,16,incongruent,474,10
16,17,incongruent,597,10
17,18,congruent,412,10
18,19,congruent,381,10
19,20,congruent,414,10
20,21,congruent,445,10
21,22,congruent,352,10
22,23,congruent,472,10
23,24,incongruent,493,10
24,25,incongruent,510,10
25,26,congruent,381,10
26,27,incongruent,608,10
27,28,incongruent,481,10
28,29,congruent,373,10
29,30,congruent,302,10
30,31,congruent,382,10
31,32,incongruent,604,10
32,33,incongruent,509,10
33,34,congruent,428,10
34,35,incongruent,646,10
35,36,incongruent,613,10
36,37,incongruent,613,10
37,38,incongruent,552,10
38,39,congruent,467,10
39,40,congruent,528,10
40,41,congruent,356,10
41,42,incongruent,589,10
42,43,incongruent,556,10
43,44,congruent,375,10
44,45,congruent,390,10
45,46,incongruent,476,10
46,47,congruent,515,10
47,48,incongruent,642,10
48,49,incongruent,521,10
49,50,congruent,497,10
50,51,congruent,243,10
51,52,congruent,473,10
52,53,congruent,419,10
53,54,incongruent,522,10
54,55,incongruent,552,10
55,56,congruent,422,10
56,57,incongruent,578,10
57,58,incongruent,509,10
58,59,incongruent,570,10
59,60,congruent,437,10
60,61,incongruent,530,10
61,62,congruent,410,10
62,63,congruent,361,10
63,64,congruent,433,10
64,65,congruent,422,10
65,66,incongruent,503,10
66,67,congruent,430,10
67,68,incongruent,614,10
68,69,congruent,479,10
69,70,incongruent,583,10
70,71,incongruent,631,10
71,72,incongruent,562,10
72,73,incongruent,713,10
73,74,incongruent,540,10
74,75,incongruent,415,10
75,76,incongruent,534,10
76,77,congruent,401,10
77,78,incongruent,562,10
78,79,incongruent,555,10
79,80,incongruent,552,10
80,81,congruent,392,10
81,82,congruent,522,10
82,83,incongruent,557,10
83,84,congruent,336,10
84,85,incongruent,552,10
85,86,congruent,419,10
86,87,incongruent,471,10
87,88,congruent,440,10
88,89,incongruent,539,10
89,90,congruent,425,10
90,91,congruent,327,10
91,92,incongruent,468,10
92,93,incongruent,520,10
93,94,congruent,499,10
94,95,congruent,475,10
95,96,congruent,449,10
96,97,congruent,367,10
97,98,incongruent,492,10
98,99,incongruent,496,10
99,100,congruent,431,10
10,11,congruent,369,11
11,12,congruent,342,11
12,13,congruent,423,11
13,14,congruent,535,11
14,15,incongruent,611,11
15,16,incongruent,467,11
16,17,congruent,411,11
17,18,incongruent,550,11
18,19,congruent,501,11
19,20,incongruent,568,11
20,21,congruent,351,11
21,22,incongruent,455,11
22,23,congruent,382,11
23,24,incongruent,480,11
24,25,incongruent,500,11
25,26,incongruent,576,11
26,27,congruent,393,11
27,28,congruent,453,11
28,29,incongruent,522,11
29,30,congruent,391,11
30,31,congruent,378,11
31,32,incongruent,785,11
32,33,congruent,547,11
33,34,incongruent,558,11
34,35,congruent,486,11
35,36,congruent,441,11
36,37,congruent,443,11
37,38,congruent,409,11
38,39,congruent,266,11
39,40,congruent,517,11
40,41,incongruent,500,11
41,42,congruent,430,11
42,43,incongruent,476,11
43,44,incongruent,780,11
44,45,incongruent,480,11
45,46,incongruent,460,11
46,47,congruent,401,11
47,48,incongruent,522,11
48,49,congruent,397,11
49,50,congruent,284,11
50,51,incongruent,497,11
51,52,congruent,386,11
52,53,incongruent,488,11
53,54,incongruent,526,11
54,55,congruent,503,11
55,56,congruent,480,11
56,57,incongruent,649,11
57,58,congruent,417,11
58,59,congruent,420,11
59,60,incongruent,637,11
60,61,congruent,350,11
61,62,incongruent,627,11
62,63,incongruent,465,11
63,64,incongruent,525,11
64,65,congruent,369,11
65,66,congruent,375,11
66,67,incongruent,402,11
67,68,congruent,413,11
68,69,congruent,335,11
69,70,congruent,350,11
70,71,congruent,453,11
71,72,incongruent,476,11
72,73,incongruent,616,11
73,74,congruent,319,11
74,75,incongruent,473,11
75,76,congruent,413,11
76,77,incongruent,740,11
77,78,congruent,383,11
78,79,congruent,329,11
79,80,congruent,412,11
80,81,incongruent,521,11
81,82,congruent,406,11
82,83,congruent,416,11
83,84,congruent,385,11
84,85,incongruent,540,11
85,86,congruent,341,11
86,87,incongruent,566,11
87,88,congruent,411,11
88,89,incongruent,530,11
89,90,congruent,455,11
90,91,incongruent,551,11
91,92,congruent,288,11
92,93,congruent,453,11
93,94,incongruent,536,11
94,95,incongruent,441,11
95,96,incongruent,591,11
96,97,incongruent,454,11
97,98,congruent,391,11
98,99,congruent,453,11
99,100,incongruent,490,11
10,11,congruent,375,12
11,12,incongruent,515,12
12,13,incongruent,501,12
13,14,congruent,342,12
14,15,incongruent,661,12
15,16,congruent,434,12
16,17,incongruent,626,12
17,18,incongruent,539,12
18,19,congruent,302,12
19,20,congruent,468,12
20,21,incongruent,504,12
21,22,congruent,351,12
22,23,incongruent,550,12
23,24,congruent,275,12
24,25,incongruent,550,12
25,26,congruent,448,12
26,27,incongruent,617,12
27,28,incongruent,513,12
28,29,incongruent,573,12
29,30,congruent,343,12
30,31,congruent,394,12
31,32,incongruent,565,12
32,33,congruent,494,12
33,34,incongruent,531,12
34,35,congruent,432,12
35,36,incongruent,537,12
36,37,incongruent,599,12
37,38,incongruent,455,12
38,39,incongruent,601,12
39,40,congruent,345,12
40,41,congruent,302,12
41,42,congruent,368,12
42,43,incongruent,516,12
43,44,congruent,437,12
44,45,incongruent,487,12
45,46,incongruent,526,12
46,47,congruent,401,12
47,48,incongruent,599,12
48,49,incongruent,534,12
49,50,congruent,450,12
50,51,congruent,439,12
51,52,congruent,450,12
52,53,incongruent,586,12
53,54,congruent,375,12
54,55,congruent,351,12
55,56,congruent,318,12
56,57,congruent,414,12
57,58,incongruent,562,12
58,59,incongruent,649,12
59,60,incongruent,548,12
60,61,congruent,434,12
61,62,congruent,331,12
62,63,incongruent,454,12
63,64,incongruent,581,12
64,65,incongruent,607,12
65,66,congruent,466,12
66,67,incongruent,536,12
67,68,congruent,419,12
68,69,congruent,533,12
69,70,incongruent,508,12
70,71,incongruent,580,12
71,72,incongruent,605,12
72,73,congruent,528,12
73,74,congruent,378,12
74,75,congruent,403,12
75,76,congruent,359,12
76,77,incongruent,519,12
77,78,incongruent,536,12
78,79,congruent,381,12
79,80,incongruent,521,12
80,81,congruent,442,12
81,82,incongruent,539,12
82,83,incongruent,556,12
83,84,incongruent,565,12
84,85,incongruent,565,12
85,86,congruent,329,12
86,87,incongruent,417,12
87,88,incongruent,597,12
88,89,incongruent,479,12
89,90,incongruent,507,12
90,91,incongruent,462,12
91,92,congruent,413,12
92,93,congruent,495,12
93,94,congruent,406,12
94,95,congruent,298,12
95,96,incongruent,609,12
96,97,congruent,360,12
97,98,congruent,453,12
98,99,congruent,498,12
99,100,congruent,313,12
10,11,incongruent,698,13
11,12,congruent,343,13
12,13,congruent,345,13
13,14,incongruent,618,13
14,15,congruent,427,13
15,16,congruent,409,13
16,17,congruent,447,13
17,18,congruent,441,13
18,19,incongruent,488,13
19,20,congruent,464,13
20,21,congruent,382,13
21,22,congruent,454,13
22,23,incongruent,575,13
23,24,congruent,334,13
24,25,incongruent,572,13
25,26,congruent,357,13
26,27,incongruent,680,13
27,28,congruent,344,13
28,29,incongruent,651,13
29,30,incongruent,441,13
30,31,congruent,544,13
31,32,congruent,563,13
32,33,congruent,500,13
33,34,congruent,458,13
34,35,congruent,483,13
35,36,congruent,469,13
36,37,incongruent,453,13
37,38,incongruent,527,13
38,39,incongruent,500,13
39,40,congruent,361,13
40,41,congruent,417,13
41,42,congruent,388,13
42,43,incongruent,558,13
43,44,congruent,428,13
44,45,congruent,399,13
45,46,congruent,478,13
46,47,congruent,424,13
47,48,congruent,431,13
48,49,congruent,447,13
49,50,congruent,394,13
50,51,congruent,366,13
51,52,congruent,404,13
52,53,incongruent,493,13
53,54,congruent,397,13
54,55,incongruent,518,13
55,56,incongruent,442,13
56,57,congruent,349,13
57,58,congruent,353,13
58,59,congruent,440,13
59,60,congruent,343,13
60,61,congruent,448,13
61,62,incongruent,697,13
62,63,congruent,389,13
63,64,congruent,365,13
64,65,congruent,441,13
65,66,congruent,443,13
66,67,incongruent,686,13
67,68,incongruent,598,13
68,69,congruent,491,13
69,70,incongruent,685,13
70,71,congruent,473,13
71,72,incongruent,446,13
72,73,congruent,444,13
73,74,incongruent,678,13
74,75,incongruent,540,13
75,76,congruent,372,13
76,77,incongruent,599,13
77,78,congruent,433,13
78,79,congruent,398,13
79,80,congruent,438,13
80,81,incongruent,560,13
81,82,congruent,379,13
82,83,incongruent,467,13
83,84,congruent,469,13
84,85,incongruent,565,13
85,86,congruent,498,13
86,87,congruent,479,13
87,88,congruent,437,13
88,89,incongruent,515,13
89,90,incongruent,501,13
90,91,congruent,445,13
91,92,incongruent,533,13
92,93,congruent,337,13
93,94,congruent,345,13
94,95,congruent,442,13
95,96,incongruent,610,13
96,97,congruent,352,13
97,98,congruent,434,13
98,99,incongruent,524,13
99,100,congruent,401,13
10,11,congruent,358,14
11,12,incongruent,661,14
12,13,congruent,365,14
13,14,congruent,462,14
14,15,incongruent,548,14
15,16,incongruent,551,14
16,17,congruent,464,14
17,18,congruent,432,14
18,19,incongruent,529,14
19,20,congruent,467,14
20,21,congruent,489,14
21,22,congruent,306,14
22,23,incongruent,456,14
23,24,incongruent,541,14
24,25,incongruent,612,14
25,26,incongruent,534,14
26,27,congruent,415,14
27,28,incongruent,590,14
28,29,congruent,379,14
29,30,congruent,340,14
30,31,incongruent,537,14
31,32,congruent,352,14
32,33,congruent,445,14
33,34,incongruent,642,14
34,35,congruent,367,14
35,36,incongruent,374,14
36,37,incongruent,475,14
37,38,incongruent,510,14
38,39,incongruent,565,14
39,40,congruent,440,14
40,41,congruent,248,14
41,42,incongruent,467,14
42,43,congruent,401,14
43,44,incongruent,418,14
44,45,congruent,388,14
45,46,incongruent,500,14
46,47,congruent,360,14
47,48,incongruent,678,14
48,49,congruent,311,14
49,50,congruent,291,14
50,51,congruent,553,14
51,52,congruent,341,14
52,53,incongruent,545,14
53,54,congruent,426,14
54,55,congruent,491,14
55,56,congruent,351,14
56,57,congruent,380,14
57,58,congruent,290,14
58,59,congruent,346,14
59,60,congruent,423,14
60,61,incongruent,537,14
61,62,incongruent,606,14
62,63,incongruent,616,14
63,64,incongruent,490,14
64,65,incongruent,609,14
65,66,incongruent,570,14
66,67,incongruent,448,14
67,68,incongruent,640,14
68,69,incongruent,494,14
69,70,incongruent,539,14
70,71,congruent,523,14
71,72,incongruent,510,14
72,73,incongruent,542,14
73,74,incongruent,651,14
74,75,congruent,385,14
75,76,congruent,298,14
76,77,congruent,401,14
77,78,incongruent,562,14
78,79,congruent,421,14
79,80,incongruent,505,14
80,81,incongruent,588,14
81,82,incongruent,476,14
82,83,congruent,464,14
83,84,congruent,465,14
84,85,congruent,425,14
85,86,incongruent,461,14
86,87,congruent,403,14
87,88,congruent,300,14
88,89,congruent,403,14
89,90,congruent,552,14
90,91,incongruent,594,14
91,92,incongruent,580,14
92,93,incongruent,632,14
93,94,incongruent,479,14
94,95,congruent,445,14
95,96,congruent,373,14
96,97,incongruent,544,14
97,98,congruent,368,14
98,99,congruent,369,14
99,100,congruent,415,14
10,11,incongruent,482,15
11,12,incongruent,489,15
12,13,congruent,398,15
13,14,incongruent,563,15
14,15,incongruent,641,15
15,16,incongruent,542,15
16,17,congruent,353,15
17,18,congruent,497,15
18,19,congruent,503,15
19,20,incongruent,546,15
20,21,congruent,442,15
21,22,incongruent,558,15
22,23,incongruent,584,15
23,24,congruent,380,15
24,25,congruent,460,15
25,26,incongruent,601,15
26,27,congruent,358,15
27,28,congruent,511,15
28,29,incongruent,578,15
29,30,incongruent,619,15
30,31,incongruent,546,15
31,32,congruent,425,15
32,33,congruent,351,15
33,34,congruent,332,15
34,35,incongruent,617,15
35,36,congruent,426,15
36,37,congruent,417,15
37,38,congruent,318,15
38,39,congruent,380,15
39,40,congruent,457,15
40,41,congruent,412,15
41,42,congruent,440,15
42,43,congruent,417,15
43,44,incongruent,584,15
44,45,congruent,296,15
45,46,incongruent,785,15
46,47,incongruent,519,15
47,48,incongruent,630,15
48,49,incongruent,560,15
49,50,incongruent,613,15
50,51,congruent,411,15
51,52,incongruent,606,15
52,53,congruent,237,15
53,54,incongruent,535,15
54,55,incongruent,534,15
55,56,incongruent,552,15
56,57,incongruent,501,15
57,58,congruent,349,15
58,59,congruent,335,15
59,60,incongruent,613,15
60,61,congruent,343,15
61,62,incongruent,550,15
62,63,congruent,447,15
63,64,congruent,279,15
64,65,congruent,605,15
65,66,congruent,397,15
66,67,congruent,524,15
67,68,congruent,351,15
68,69,congruent,281,15
69,70,incongruent,637,15
70,71,congruent,457,15
71,72,congruent,416,15
72,73,congruent,450,15
73,74,congruent,436,15
74,75,congruent,441,15
75,76,congruent,317,15
76,77,incongruent,477,15
77,78,congruent,399,15
78,79,congruent,474,15
79,80,incongruent,509,15
80,81,incongruent,488,15
81,82,congruent,354,15
82,83,congruent,396,15
83,84,incongruent,603,15
84,85,incongruent,509,15
85,86,congruent,376,15
86,87,congruent,293,15
87,88,congruent,420,15
88,89,congruent,436,15
89,90,incongruent,639,15
90,91,congruent,470,15
91,92,incongruent,609,15
92,93,congruent,409,15
93,94,congruent,490,15
94,95,incongruent,465,15
95,96,congruent,400,15
96,97,congruent,427,15
97,98,congruent,323,15
98,99,congruent,398,15
99,100,congruent,394,15
10,11,congruent,438,16
11,12,incongruent,706,16
12,13,incongruent,490,16
13,14,incongruent,529,16
14,15,incongruent,512,16
15,16,incongruent,506,16
16,17,congruent,483,16
17,18,incongruent,471,16
18,19,congruent,337,16
19,20,incongruent,525,16
20,21,incongruent,523,16
21,22,congruent,419,16
22,23,congruent,389,16
23,24,congruent,423,16
24,25,congruent,314,16
25,26,incongruent,521,16
26,27,incongruent,724,16
27,28,congruent,440,16
28,29,incongruent,511,16
29,30,congruent,361,16
30,31,congruent,367,16
31,32,incongruent,574,16
32,33,incongruent,595,16
33,34,incongruent,530,16
34,35,congruent,554,16
35,36,congruent,413,16
36,37,incongruent,403,16
37,38,congruent,357,16
38,39,congruent,407,16
39,40,congruent,451,16
40,41,congruent,502,16
41,42,incongruent,463,16
42,43,congruent,302,16
43,44,incongruent,592,16
44,45,congruent,473,16
45,46,congruent,347,16
46,47,congruent,381,16
47,48,congruent,396,16
48,49,incongruent,491,16
49,50,incongruent,461,16
50,51,incongruent,556,16
51,52,incongruent,655,16
52,53,incongruent,680,16
53,54,congruent,466,16
54,55,incongruent,517,16
55,56,congruent,463,16
56,57,incongruent,581,16
57,58,congruent,410,16
58,59,incongruent,473,16
59,60,congruent,397,16
60,61,congruent,434,16
61,62,incongruent,658,16
62,63,congruent,303,16
63,64,congruent,475,16
64,65,congruent,459,16
65,66,congruent,453,16
66,67,congruent,412,16
67,68,congruent,379,16
68,69,congruent,365,16
69,70,incongruent,587,16
70,71,incongruent,454,16
71,72,congruent,284,16
72,73,incongruent,479,16
73,74,congruent,651,16
74,75,incongruent,526,16
75,76,congruent,308,16
76,77,congruent,404,16
77,78,congruent,215,16
78,79,incongruent,531,16
79,80,incongruent,794,16
80,81,congruent,339,16
81,82,congruent,375,16
82,83,incongruent,595,16
83,84,congruent,382,16
84,85,congruent,327,16
85,86,incongruent,496,16
86,87,incongruent,611,16
87,88,congruent,421,16
88,89,incongruent,537,16
89,90,congruent,331,16
90,91,congruent,487,16
91,92,congruent,447,16
92,93,congruent,297,16
93,94,congruent,363,16
94,95,congruent,384,16
95,96,incongruent,583,16
96,97,incongruent,561,16
97,98,congruent,389,16
98,99,incongruent,471,16
99,100,congruent,365,16
10,11,congruent,434,17
11,12,incongruent,646,17
12,13,incongruent,429,17
13,14,congruent,510,17
14,15,incongruent,516,17
15,16,congruent,500,17
16,17,incongruent,494,17
17,18,congruent,235,17
18,19,congruent,385,17
19,20,congruent,407,17
20,21,congruent,428,17
21,22,congruent,347,17
22,23,incongruent,639,17
23,24,incongruent,611,17
24,25,congruent,476,17
25,26,congruent,353,17
26,27,congruent,490,17
27,28,incongruent,532,17
28,29,congruent,506,17
29,30,incongruent,601,17
30,31,incongruent,595,17
31,32,incongruent,469,17
32,33,congruent,487,17
33,34,congruent,359,17
34,35,congruent,394,17
35,36,incongruent,663,17
36,37,incongruent,470,17
37,38,incongruent,629,17
38,39,incongruent,550,17
39,40,incongruent,586,17
40,41,incongruent,499,17
41,42,congruent,384,17
42,43,congruent,408,17
43,44,incongruent,575,17
44,45,incongruent,501,17
45,46,congruent,510,17
46,47,congruent,348,17
47,48,congruent,320,17
48,49,incongruent,550,17
49,50,incongruent,617,17
50,51,incongruent,531,17
51,52,incongruent,700,17
52,53,incongruent,531,17
53,54,incongruent,429,17
54,55,incongruent,535,17
55,56,congruent,300,17
56,57,congruent,409,17
57,58,incongruent,559,17
58,59,congruent,370,17
59,60,incongruent,660,17
60,61,incongruent,552,17
61,62,incongruent,545,17
62,63,incongruent,584,17
63,64,incongruent,528,17
64,65,incongruent,552,17
65,66,incongruent,622,17
66,67,congruent,380,17
67,68,congruent,471,17
68,69,congruent,254,17
69,70,incongruent,545,17
70,71,incongruent,549,17
71,72,congruent,382,17
72,73,incongruent,668,17
73,74,incongruent,653,17
74,75,congruent,396,17
75,76,incongruent,595,17
76,77,congruent,429,17
77,78,congruent,517,17
78,79,congruent,364,17
79,80,incongruent,691,17
80,81,congruent,460,17
81,82,incongruent,420,17
82,83,congruent,372,17
83,84,congruent,275,17
84,85,incongruent,521,17
85,86,congruent,355,17
86,87,congruent,507,17
87,88,incongruent,555,17
88,89,incongruent,550,17
89,90,incongruent,457,17
90,91,incongruent,549,17
91,92,congruent,404,17
92,93,congruent,455,17
93,94,incongruent,524,17
94,95,congruent,461,17
95,96,incongruent,642,17
96,97,incongruent,632,17
97,98,congruent,384,17
98,99,incongruent,459,17
99,100,incongruent,508,17
10,11,incongruent,459,18
11,12,incongruent,545,18
12,13,congruent,387,18
13,14,incongruent,371,18
14,15,congruent,422,18
15,16,congruent,436,18
16,17,congruent,405,18
17,18,congruent,338,18
18,19,incongruent,503,18
19,20,incongruent,566,18
20,21,incongruent,681,18
21,22,congruent,430,18
22,23,congruent,452,18
23,24,incongruent,531,18
24,25,congruent,512,18
25,26,incongruent,465,18
26,27,congruent,545,18
27,28,congruent,360,18
28,29,congruent,474,18
29,30,congruent,375,18
30,31,incongruent,438,18
31,32,incongruent,556,18
32,33,incongruent,454,18
33,34,incongruent,628,18
34,35,congruent,455,18
35,36,incongruent,584,18
36,37,incongruent,654,18
37,38,congruent,332,18
38,39,incongruent,472,18
39,40,congruent,423,18
40,41,incongruent,589,18
41,42,congruent,395,18
42,43,congruent,372,18
43,44,congruent,392,18
44,45,congruent,376,18
45,46,congruent,350,18
46,47,congruent,345,18
47,48,congruent,313,18
48,49,congruent,308,18
49,50,incongruent,621,18
50,51,incongruent,557,18
51,52,incongruent,608,18
52,53,congruent,383,18
53,54,incongruent,574,18
54,55,incongruent,557,18
55,56,incongruent,511,18
56,57,incongruent,512,18
57,58,incongruent,558,18
58,59,congruent,387,18
59,60,congruent,363,18
60,61,incongruent,460,18
61,62,incongruent,579,18
62,63,congruent,454,18
63,64,incongruent,534,18
64,65,congruent,417,18
65,66,congruent,428,18
66,67,incongruent,724,18
67,68,congruent,400,18
68,69,congruent,410,18
69,70,incongruent,620,18
70,71,incongruent,553,18
71,72,congruent,355,18
72,73,congruent,312,18
73,74,congruent,340,18
74,75,incongruent,498,18
75,76,incongruent,454,18
76,77,congruent,298,18
77,78,incongruent,470,18
78,79,incongruent,791,18
79,80,congruent,445,18
80,81,incongruent,558,18
81,82,congruent,405,18
82,83,congruent,468,18
83,84,incongruent,532,18
84,85,incongruent,491,18
85,86,incongruent,621,18
86,87,incongruent,572,18
87,88,congruent,310,18
88,89,incongruent,592,18
89,90,incongruent,574,18
90,91,incongruent,684,18
91,92,incongruent,557,18
92,93,congruent,476,18
93,94,congruent,459,18
94,95,incongruent,538,18
95,96,congruent,424,18
96,97,congruent,381,18
97,98,incongruent,510,18
98,99,congruent,420,18
99,100,incongruent,518,18
10,11,congruent,389,19
11,12,congruent,464,19
12,13,incongruent,499,19
13,14,incongruent,591,19
14,15,incongruent,716,19
15,16,incongruent,595,19
16,17,incongruent,476,19
17,18,congruent,467,19
18,19,incongruent,428,19
19,20,incongruent,590,19
20,21,incongruent,529,19
21,22,congruent,498,19
22,23,congruent,301,19
23,24,incongruent,551,19
24,25,incongruent,495,19
25,26,incongruent,477,19
26,27,congruent,456,19
27,28,congruent,409,19
28,29,congruent,539,19
29,30,congruent,418,19
30,31,incongruent,499,19
31,32,congruent,335,19
32,33,congruent,370,19
33,34,incongruent,536,19
34,35,congruent,358,19
35,36,congruent,400,19
36,37,incongruent,535,19
37,38,congruent,393,19
38,39,incongruent,676,19
39,40,congruent,372,19
40,41,incongruent,486,19
41,42,incongruent,541,19
42,43,congruent,399,19
43,44,incongruent,601,19
44,45,incongruent,557,19
45,46,congruent,389,19
46,47,congruent,273,19
47,48,incongruent,555,19
48,49,incongruent,593,19
49,50,incongruent,531,19
50,51,incongruent,623,19
51,52,incongruent,480,19
52,53,congruent,400,19
53,54,congruent,458,19
54,55,incongruent,645,19
55,56,incongruent,502,19
56,57,incongruent,464,19
57,58,congruent,411,19
58,59,congruent,470,19
59,60,incongruent,731,19
60,61,congruent,386,19
61,62,congruent,328,19
62,63,incongruent,591,19
63,64,congruent,423,19
64,65,congruent,325,19
65,66,congruent,427,19
66,67,congruent,404,19
67,68,incongruent,520,19
68,69,congruent,420,19
69,70,congruent,456,19
70,71,congruent,362,19
71,72,congruent,435,19
72,73,congruent,353,19
73,74,congruent,411,19
74,75,incongruent,439,19
75,76,incongruent,708,19
76,77,incongruent,544,19
77,78,incongruent,553,19
78,79,congruent,321,19
79,80,incongruent,480,19
80,81,congruent,401,19
81,82,congruent,368,19
82,83,congruent,374,19
83,84,congruent,343,19
84,85,incongruent,618,19
85,86,incongruent,599,19
86,87,incongruent,365,19
87,88,incongruent,529,19
88,89,incongruent,446,19
89,90,congruent,436,19
90,91,congruent,457,19
91,92,congruent,561,19
92,93,congruent,385,19
93,94,incongruent,582,19
94,95,incongruent,638,19
95,96,incongruent,479,19
96,97,incongruent,508,19
97,98,incongruent,554,19
98,99,congruent,385,19
99,100,congruent,431,19
10,11,incongruent,561,20
11,12,congruent,345,20
12,13,incongruent,473,20
13,14,incongruent,509,20
14,15,incongruent,688,20
15,16,incongruent,579,20
16,17,congruent,411,20
17,18,incongruent,552,20
18,19,incongruent,426,20
19,20,incongruent,503,20
20,21,congruent,371,20
21,22,congruent,646,20
22,23,incongruent,510,20
23,24,congruent,380,20
24,25,incongruent,568,20
25,26,congruent,496,20
26,27,incongruent,630,20
27,28,incongruent,451,20
28,29,congruent,400,20
29,30,incongruent,581,20
30,31,congruent,441,20
31,32,incongruent,643,20
32,33,incongruent,444,20
33,34,incongruent,400,20
34,35,congruent,444,20
35,36,congruent,429,20
36,37,incongruent,580,20
37,38,incongruent,753,20
38,39,incongruent,604,20
39,40,congruent,321,20
40,41,congruent,395,20
41,42,incongruent,557,20
42,43,incongruent,761,20
43,44,congruent,343,20
44,45,incongruent,543,20
45,46,congruent,403,20
46,47,congruent,350,20
47,48,incongruent,484,20
48,49,congruent,443,20
49,50,incongruent,524,20
50,51,congruent,340,20
51,52,incongruent,663,20
52,53,congruent,460,20
53,54,incongruent,534,20
54,55,incongruent,685,20
55,56,congruent,490,20
56,57,incongruent,533,20
57,58,congruent,375,20
58,59,incongruent,447,20
59,60,incongruent,623,20
60,61,incongruent,504,20
61,62,incongruent,498,20
62,63,incongruent,576,20
63,64,congruent,367,20
64,65,incongruent,638,20
65,66,congruent,364,20
66,67,congruent,367,20
67,68,incongruent,522,20
68,69,congruent,455,20
69,70,incongruent,615,20
70,71,incongruent,435,20
71,72,congruent,436,20
72,73,congruent,418,20
73,74,congruent,470,20
74,75,incongruent,489,20
75,76,incongruent,512,20
76,77,congruent,531,20
77,78,incongruent,523,20
78,79,incongruent,554,20
79,80,incongruent,415,20
80,81,congruent,495,20
81,82,incongruent,587,20
82,83,incongruent,495,20
83,84,congruent,307,20
84,85,incongruent,504,20
85,86,incongruent,483,20
86,87,incongruent,493,20
87,88,incongruent,470,20
88,89,incongruent,595,20
89,90,congruent,425,20
90,91,congruent,407,20
91,92,incongruent,517,20
92,93,congruent,405,20
93,94,congruent,306,20
94,95,congruent,277,20
95,96,incongruent,588,20
96,97,congruent,401,20
97,98,congruent,414,20
98,99,congruent,479,20
99,100,incongruent,468,20
10,11,incongruent,491,21
11,12,incongruent,521,21
12,13,congruent,366,21
13,14,incongruent,567,21
14,15,incongruent,498,21
15,16,congruent,435,21
16,17,congruent,493,21
17,18,congruent,410,21
18,19,incongruent,556,21
19,20,incongruent,539,21
20,21,congruent,522,21
21,22,congruent,330,21
22,23,congruent,370,21
23,24,incongruent,565,21
24,25,congruent,501,21
25,26,incongruent,561,21
26,27,incongruent,389,21
27,28,incongruent,600,21
28,29,incongruent,537,21
29,30,congruent,474,21
30,31,congruent,368,21
31,32,congruent,403,21
32,33,incongruent,603,21
33,34,congruent,396,21
34,35,congruent,408,21
35,36,incongruent,473,21
36,37,incongruent,629,21
37,38,congruent,405,21
38,39,congruent,446,21
39,40,incongruent,638,21
40,41,incongruent,556,21
41,42,congruent,457,21
42,43,incongruent,462,21
43,44,congruent,466,21
44,45,congruent,360,21
45,46,incongruent,558,21
46,47,congruent,462,21
47,48,congruent,430,21
48,49,incongruent,572,21
49,50,incongruent,506,21
50,51,incongruent,484,21
51,52,incongruent,582,21
52,53,congruent,427,21
53,54,congruent,382,21
54,55,congruent,457,21
55,56,incongruent,522,21
56,57,congruent,369,21
57,58,incongruent,625,21
58,59,incongruent,535,21
59,60,incongruent,551,21
60,61,congruent,393,21
61,62,incongruent,556,21
62,63,congruent,524,21
63,64,incongruent,562,21
64,65,congruent,339,21
65,66,congruent,458,21
66,67,incongruent,574,21
67,68,incongruent,556,21
68,69,congruent,450,21
69,70,congruent,491,21
70,71,congruent,384,21
71,72,congruent,403,21
72,73,incongruent,531,21
73,74,incongruent,553,21
74,75,congruent,351,21
75,76,incongruent,599,21
76,77,congruent,408,21
77,78,congruent,389,21
78,79,congruent,277,21
79,80,incongruent,518,21
80,81,incongruent,573,21
81,82,congruent,368,21
82,83,congruent,386,21
83,84,incongruent,519,21
84,85,incongruent,506,21
85,86,incongruent,644,21
86,87,congruent,359,21
87,88,congruent,340,21
88,89,incongruent,592,21
89,90,congruent,309,21
90,91,incongruent,595,21
91,92,congruent,381,21
92,93,incongruent,477,21
93,94,congruent,269,21
94,95,incongruent,420,21
95,96,congruent,442,21
96,97,congruent,518,21
97,98,incongruent,663,21
98,99,congruent,379,21
99,100,congruent,403,21
10,11,incongruent,415,22
11,12,incongruent,529,22
12,13,congruent,540,22
13,14,congruent,413,22
14,15,congruent,498,22
15,16,incongruent,527,22
16,17,incongruent,491,22
17,18,incongruent,613,22
18,19,congruent,424,22
19,20,incongruent,400,22
20,21,congruent,457,22
21,22,congruent,399,22
22,23,congruent,418,22
23,24,incongruent,474,22
24,25,congruent,445,22
25,26,congruent,441,22
26,27,congruent,335,22
27,28,congruent,371,22
28,29,congruent,403,22
29,30,congruent,380,22
30,31,incongruent,546,22
31,32,congruent,389,22
32,33,congruent,345,22
33,34,congruent,347,22
34,35,incongruent,522,22
35,36,incongruent,605,22
36,37,congruent,321,22
37,38,incongruent,450,22
38,39,congruent,411,22
39,40,incongruent,587,22
40,41,incongruent,654,22
41,42,incongruent,701,22
42,43,incongruent,550,22
43,44,incongruent,489,22
44,45,incongruent,545,22
45,46,congruent,357,22
46,47,congruent,354,22
47,48,incongruent,392,22
48,49,congruent,349,22
49,50,incongruent,601,22
50,51,incongruent,645,22
51,52,congruent,553,22
52,53,congruent,410,22
53,54,congruent,396,22
54,55,congruent,428,22
55,56,congruent,293,22
56,57,congruent,289,22
57,58,congruent,341,22
58,59,incongruent,581,22
59,60,incongruent,464,22
60,61,incongruent,518,22
61,62,incongruent,500,22
62,63,congruent,344,22
63,64,congruent,326,22
64,65,incongruent,423,22
65,66,congruent,402,22
66,67,congruent,545,22
67,68,congruent,342,22
68,69,congruent,328,22
69,70,congruent,381,22
70,71,incongruent,481,22
71,72,incongruent,553,22
72,73,incongruent,528,22
73,74,congruent,421,22
74,75,incongruent,546,22
75,76,incongruent,650,22
76,77,congruent,333,22
77,78,incongruent,461,22
78,79,incongruent,486,22
79,80,congruent,455,22
80,81,incongruent,545,22
81,82,incongruent,469,22
82,83,congruent,336,22
83,84,incongruent,559,22
84,85,congruent,428,22
85,86,incongruent,524,22
86,87,congruent,331,22
87,88,incongruent,629,22
88,89,congruent,356,22
89,90,incongruent,549,22
90,91,congruent,376,22
91,92,congruent,350,22
92,93,congruent,455,22
93,94,incongruent,473,22
94,95,incongruent,446,22
95,96,congruent,453,22
96,97,incongruent,614,22
97,98,incongruent,472,22
98,99,incongruent,672,22
99,100,congruent,464,22
10,11,congruent,337,23
11,12,congruent,348,23
12,13,incongruent,531,23
13,14,congruent,497,23
14,15,incongruent,568,23
15,16,congruent,408,23
16,17,congruent,332,23
17,18,incongruent,543,23
18,19,congruent,447,23
19,20,incongruent,519,23
20,21,congruent,437,23
21,22,congruent,280,23
22,23,incongruent,581,23
23,24,congruent,364,23
24,25,congruent,522,23
25,26,congruent,434,23
26,27,congruent,465,23
27,28,congruent,356,23
28,29,congruent,376,23
29,30,congruent,397,23
30,31,congruent,398,23
31,32,congruent,451,23
32,33,incongruent,547,23
33,34,congruent,441,23
34,35,incongruent,653,23
35,36,congruent,294,23
36,37,incongruent,633,23
37,38,incongruent,676,23
38,39,congruent,402,23
39,40,congruent,520,23
40,41,congruent,417,23
41,42,congruent,443,23
42,43,congruent,459,23
43,44,congruent,347,23
44,45,congruent,356,23
45,46,congruent,514,23
46,47,incongruent,531,23
47,48,congruent,448,23
48,49,congruent,315,23
49,50,incongruent,486,23
50,51,congruent,439,23
51,52,incongruent,601,23
52,53,congruent,369,23
53,54,congruent,409,23
54,55,congruent,410,23
55,56,incongruent,609,23
56,57,incongruent,752,23
57,58,incongruent,497,23
58,59,incongruent,601,23
59,60,congruent,365,23
60,61,congruent,478,23
61,62,congruent,392,23
62,63,incongruent,641,23
63,64,congruent,319,23
64,65,congruent,351,23
65,66,congruent,418,23
66,67,congruent,456,23
67,68,congruent,318,23
68,69,incongruent,530,23
69,70,incongruent,627,23
70,71,incongruent,698,23
71,72,congruent,375,23
72,73,congruent,396,23
73,74,incongruent,537,23
74,75,incongruent,452,23
75,76,congruent,417,23
76,77,congruent,437,23
77,78,incongruent,538,23
78,79,incongruent,509,23
79,80,congruent,647,23
80,81,congruent,440,23
81,82,congruent,311,23
82,83,incongruent,552,23
83,84,congruent,400,23
84,85,congruent,294,23
85,86,congruent,388,23
86,87,incongruent,612,23
87,88,incongruent,611,23
88,89,congruent,241,23
89,90,congruent,448,23
90,91,congruent,285,23
91,92,incongruent,463,23
92,93,congruent,434,23
93,94,incongruent,638,23
94,95,incongruent,755,23
95,96,incongruent,564,23
96,97,incongruent,603,23
97,98,congruent,390,23
98,99,incongruent,619,23
99,100,congruent,395,23
10,11,incongruent,535,24
11,12,congruent,362,24
12,13,congruent,367,24
13,14,congruent,407,24
14,15,congruent,464,24
15,16,incongruent,429,24
16,17,incongruent,636,24
17,18,incongruent,556,24
18,19,congruent,450,24
19,20,incongruent,480,24
20,21,congruent,389,24
21,22,incongruent,510,24
22,23,incongruent,579,24
23,24,congruent,347,24
24,25,congruent,383,24
25,26,incongruent,401,24
26,27,congruent,463,24
27,28,incongruent,623,24
28,29,congruent,473,24
29,30,congruent,401,24
30,31,congruent,385,24
31,32,congruent,449,24
32,33,congruent,418,24
33,34,incongruent,627,24
34,35,incongruent,528,24
35,36,incongruent,499,24
36,37,incongruent,635,24
37,38,incongruent,652,24
38,39,congruent,372,24
39,40,congruent,381,24
40,41,congruent,437,24
41,42,congruent,394,24
42,43,congruent,398,24
43,44,congruent,384,24
44,45,congruent,454,24
45,46,congruent,403,24
46,47,incongruent,505,24
47,48,congruent,341,24
48,49,incongruent,464,24
49,50,congruent,372,24
50,51,incongruent,480,24
51,52,incongruent,589,24
52,53,incongruent,538,24
53,54,congruent,364,24
54,55,congruent,428,24
55,56,congruent,255,24
56,57,congruent,443,24
57,58,incongruent,565,24
58,59,incongruent,625,24
59,60,incongruent,462,24
60,61,incongruent,478,24
61,62,congruent,416,24
62,63,incongruent,642,24
63,64,incongruent,478,24
64,65,congruent,378,24
65,66,incongruent,457,24
66,67,incongruent,685,24
67,68,congruent,419,24
68,69,congruent,346,24
69,70,incongruent,534,24
70,71,congruent,371,24
71,72,incongruent,482,24
72,73,congruent,304,24
73,74,congruent,351,24
74,75,congruent,408,24
75,76,incongruent,599,24
76,77,incongruent,613,24
77,78,incongruent,643,24
78,79,incongruent,537,24
79,80,congruent,355,24
80,81,incongruent,589,24
81,82,incongruent,502,24
82,83,incongruent,510,24
83,84,incongruent,550,24
84,85,congruent,262,24
85,86,incongruent,513,24
86,87,incongruent,487,24
87,88,congruent,362,24
88,89,incongruent,524,24
89,90,incongruent,562,24
90,91,congruent,460,24
91,92,congruent,516,24
92,93,congruent,362,24
93,94,congruent,448,24
94,95,incongruent,508,24
95,96,incongruent,562,24
96,97,incongruent,451,24
97,98,incongruent,688,24
98,99,incongruent,727,24
99,100,incongruent,708,24
10,11,congruent,356,25
11,12,incongruent,531,25
12,13,incongruent,644,25
13,14,incongruent,505,25
14,15,incongruent,607,25
15,16,congruent,405,25
16,17,congruent,419,25
17,18,congruent,344,25
18,19,congruent,503,25
19,20,congruent,347,25
20,21,incongruent,560,25
21,22,congruent,408,25
22,23,congruent,390,25
23,24,congruent,411,25
24,25,congruent,471,25
25,26,incongruent,565,25
26,27,incongruent,552,25
27,28,congruent,357,25
28,29,congruent,421,25
29,30,congruent,429,25
30,31,incongruent,611,25
31,32,incongruent,670,25
32,33,incongruent,538,25
33,34,congruent,356,25
34,35,incongruent,572,25
35,36,congruent,424,25
36,37,incongruent,473,25
37,38,incongruent,524,25
38,39,incongruent,567,25
39,40,congruent,339,25
40,41,congruent,298,25
41,42,incongruent,599,25
42,43,incongruent,534,25
43,44,congruent,250,25
44,45,incongruent,560,25
45,46,congruent,448,25
46,47,congruent,424,25
47,48,incongruent,509,25
48,49,incongruent,630,25
49,50,incongruent,459,25
50,51,incongruent,527,25
51,52,incongruent,494,25
52,53,incongruent,740,25
53,54,congruent,340,25
54,55,incongruent,603,25
55,56,incongruent,547,25
56,57,incongruent,571,25
57,58,incongruent,513,25
58,59,congruent,342,25
59,60,incongruent,718,25
60,61,congruent,473,25
61,62,incongruent,544,25
62,63,incongruent,628,25
63,64,congruent,405,25
64,65,incongruent,623,25
65,66,congruent,366,25
66,67,congruent,433,25
67,68,incongruent,499,25
68,69,incongruent,567,25
69,70,congruent,411,25
70,71,congruent,445,25
71,72,incongruent,582,25
72,73,congruent,337,25
73,74,incongruent,477,25
74,75,incongruent,609,25
75,76,congruent,464,25
76,77,congruent,416,25
77,78,congruent,393,25
78,79,congruent,464,25
79,80,congruent,414,25
80,81,incongruent,637,25
81,82,incongruent,454,25
82,83,incongruent,621,25
83,84,incongruent,517,25
84,85,congruent,359,25
85,86,congruent,309,25
86,87,incongruent,633,25
87,88,incongruent,518,25
88,89,congruent,507,25
89,90,congruent,335,25
90,91,incongruent,501,25
91,92,congruent,425,25
92,93,incongruent,573,25
93,94,congruent,330,25
94,95,incongruent,565,25
95,96,congruent,403,25
96,97,incongruent,522,25
97,98,congruent,348,25
98,99,incongruent,543,25
99,100,incongruent,651,25
