,ID,trial,group,acc,list_length
0,1,1,simple,1,1
1,1,2,simple,1,1
2,1,3,simple,1,1
3,1,4,simple,1,1
4,1,5,simple,1,1
5,1,6,simple,1,1
6,1,7,simple,1,1
7,1,8,simple,1,1
8,1,9,simple,1,1
9,1,10,simple,1,1
10,1,11,simple,1,1
11,1,12,simple,1,1
12,1,13,simple,0,1
13,1,14,simple,1,1
14,1,15,simple,1,1
15,1,16,simple,1,1
16,1,17,simple,1,1
17,1,18,simple,1,1
18,1,19,simple,1,1
19,1,20,simple,0,1
20,1,1,simple,1,2
21,1,2,simple,0,2
22,1,3,simple,0,2
23,1,4,simple,1,2
24,1,5,simple,1,2
25,1,6,simple,0,2
26,1,7,simple,1,2
27,1,8,simple,1,2
28,1,9,simple,1,2
29,1,10,simple,1,2
30,1,11,simple,1,2
31,1,12,simple,1,2
32,1,13,simple,0,2
33,1,14,simple,0,2
34,1,15,simple,1,2
35,1,16,simple,1,2
36,1,17,simple,1,2
37,1,18,simple,1,2
38,1,19,simple,0,2
39,1,20,simple,1,2
40,1,1,simple,1,3
41,1,2,simple,0,3
42,1,3,simple,0,3
43,1,4,simple,1,3
44,1,5,simple,0,3
45,1,6,simple,0,3
46,1,7,simple,0,3
47,1,8,simple,1,3
48,1,9,simple,1,3
49,1,10,simple,0,3
50,1,11,simple,1,3
51,1,12,simple,0,3
52,1,13,simple,1,3
53,1,14,simple,0,3
54,1,15,simple,0,3
55,1,16,simple,1,3
56,1,17,simple,0,3
57,1,18,simple,1,3
58,1,19,simple,1,3
59,1,20,simple,0,3
60,1,1,simple,0,4
61,1,2,simple,0,4
62,1,3,simple,1,4
63,1,4,simple,1,4
64,1,5,simple,0,4
65,1,6,simple,1,4
66,1,7,simple,0,4
67,1,8,simple,1,4
68,1,9,simple,0,4
69,1,10,simple,0,4
70,1,11,simple,1,4
71,1,12,simple,0,4
72,1,13,simple,0,4
73,1,14,simple,0,4
74,1,15,simple,1,4
75,1,16,simple,0,4
76,1,17,simple,1,4
77,1,18,simple,0,4
78,1,19,simple,0,4
79,1,20,simple,0,4
80,1,1,simple,0,5
81,1,2,simple,0,5
82,1,3,simple,0,5
83,1,4,simple,0,5
84,1,5,simple,0,5
85,1,6,simple,0,5
86,1,7,simple,0,5
87,1,8,simple,0,5
88,1,9,simple,0,5
89,1,10,simple,0,5
90,1,11,simple,0,5
91,1,12,simple,0,5
92,1,13,simple,0,5
93,1,14,simple,0,5
94,1,15,simple,0,5
95,1,16,simple,0,5
96,1,17,simple,0,5
97,1,18,simple,0,5
98,1,19,simple,0,5
99,1,20,simple,0,5
100,1,1,simple,0,6
101,1,2,simple,0,6
102,1,3,simple,0,6
103,1,4,simple,0,6
104,1,5,simple,0,6
105,1,6,simple,0,6
106,1,7,simple,0,6
107,1,8,simple,0,6
108,1,9,simple,0,6
109,1,10,simple,0,6
110,1,11,simple,0,6
111,1,12,simple,0,6
112,1,13,simple,0,6
113,1,14,simple,0,6
114,1,15,simple,0,6
115,1,16,simple,0,6
116,1,17,simple,0,6
117,1,18,simple,0,6
118,1,19,simple,0,6
119,1,20,simple,0,6
120,1,1,simple,0,7
121,1,2,simple,0,7
122,1,3,simple,0,7
123,1,4,simple,0,7
124,1,5,simple,0,7
125,1,6,simple,0,7
126,1,7,simple,0,7
127,1,8,simple,0,7
128,1,9,simple,0,7
129,1,10,simple,0,7
130,1,11,simple,0,7
131,1,12,simple,1,7
132,1,13,simple,0,7
133,1,14,simple,0,7
134,1,15,simple,0,7
135,1,16,simple,0,7
136,1,17,simple,0,7
137,1,18,simple,0,7
138,1,19,simple,0,7
139,1,20,simple,0,7
140,1,1,simple,0,8
141,1,2,simple,0,8
142,1,3,simple,0,8
143,1,4,simple,0,8
144,1,5,simple,0,8
145,1,6,simple,0,8
146,1,7,simple,0,8
147,1,8,simple,0,8
148,1,9,simple,0,8
149,1,10,simple,0,8
150,1,11,simple,0,8
151,1,12,simple,0,8
152,1,13,simple,0,8
153,1,14,simple,0,8
154,1,15,simple,0,8
155,1,16,simple,0,8
156,1,17,simple,0,8
157,1,18,simple,0,8
158,1,19,simple,0,8
159,1,20,simple,0,8
160,2,1,interference,1,1
161,2,2,interference,1,1
162,2,3,interference,1,1
163,2,4,interference,0,1
164,2,5,interference,1,1
165,2,6,interference,0,1
166,2,7,interference,1,1
167,2,8,interference,0,1
168,2,9,interference,1,1
169,2,10,interference,1,1
170,2,11,interference,1,1
171,2,12,interference,1,1
172,2,13,interference,1,1
173,2,14,interference,0,1
174,2,15,interference,1,1
175,2,16,interference,1,1
176,2,17,interference,1,1
177,2,18,interference,0,1
178,2,19,interference,0,1
179,2,20,interference,1,1
180,2,1,interference,0,2
181,2,2,interference,0,2
182,2,3,interference,1,2
183,2,4,interference,0,2
184,2,5,interference,0,2
185,2,6,interference,0,2
186,2,7,interference,0,2
187,2,8,interference,1,2
188,2,9,interference,1,2
189,2,10,interference,0,2
190,2,11,interference,0,2
191,2,12,interference,1,2
192,2,13,interference,1,2
193,2,14,interference,1,2
194,2,15,interference,0,2
195,2,16,interference,0,2
196,2,17,interference,0,2
197,2,18,interference,0,2
198,2,19,interference,0,2
199,2,20,interference,1,2
200,2,1,interference,0,3
201,2,2,interference,0,3
202,2,3,interference,0,3
203,2,4,interference,0,3
204,2,5,interference,0,3
205,2,6,interference,0,3
206,2,7,interference,0,3
207,2,8,interference,0,3
208,2,9,interference,0,3
209,2,10,interference,0,3
210,2,11,interference,0,3
211,2,12,interference,0,3
212,2,13,interference,1,3
213,2,14,interference,0,3
214,2,15,interference,0,3
215,2,16,interference,0,3
216,2,17,interference,0,3
217,2,18,interference,0,3
218,2,19,interference,0,3
219,2,20,interference,0,3
220,2,1,interference,0,4
221,2,2,interference,0,4
222,2,3,interference,0,4
223,2,4,interference,0,4
224,2,5,interference,0,4
225,2,6,interference,0,4
226,2,7,interference,0,4
227,2,8,interference,0,4
228,2,9,interference,0,4
229,2,10,interference,0,4
230,2,11,interference,0,4
231,2,12,interference,0,4
232,2,13,interference,0,4
233,2,14,interference,0,4
234,2,15,interference,0,4
235,2,16,interference,0,4
236,2,17,interference,0,4
237,2,18,interference,0,4
238,2,19,interference,0,4
239,2,20,interference,1,4
240,2,1,interference,0,5
241,2,2,interference,0,5
242,2,3,interference,0,5
243,2,4,interference,0,5
244,2,5,interference,0,5
245,2,6,interference,0,5
246,2,7,interference,0,5
247,2,8,interference,0,5
248,2,9,interference,0,5
249,2,10,interference,0,5
250,2,11,interference,0,5
251,2,12,interference,0,5
252,2,13,interference,0,5
253,2,14,interference,0,5
254,2,15,interference,0,5
255,2,16,interference,1,5
256,2,17,interference,0,5
257,2,18,interference,0,5
258,2,19,interference,0,5
259,2,20,interference,0,5
260,2,1,interference,0,6
261,2,2,interference,0,6
262,2,3,interference,0,6
263,2,4,interference,0,6
264,2,5,interference,0,6
265,2,6,interference,0,6
266,2,7,interference,0,6
267,2,8,interference,0,6
268,2,9,interference,0,6
269,2,10,interference,0,6
270,2,11,interference,0,6
271,2,12,interference,0,6
272,2,13,interference,0,6
273,2,14,interference,0,6
274,2,15,interference,0,6
275,2,16,interference,0,6
276,2,17,interference,0,6
277,2,18,interference,0,6
278,2,19,interference,0,6
279,2,20,interference,0,6
280,2,1,interference,0,7
281,2,2,interference,0,7
282,2,3,interference,0,7
283,2,4,interference,0,7
284,2,5,interference,0,7
285,2,6,interference,0,7
286,2,7,interference,0,7
287,2,8,interference,0,7
288,2,9,interference,0,7
289,2,10,interference,0,7
290,2,11,interference,0,7
291,2,12,interference,0,7
292,2,13,interference,0,7
293,2,14,interference,0,7
294,2,15,interference,0,7
295,2,16,interference,0,7
296,2,17,interference,0,7
297,2,18,interference,0,7
298,2,19,interference,0,7
299,2,20,interference,0,7
300,2,1,interference,0,8
301,2,2,interference,0,8
302,2,3,interference,0,8
303,2,4,interference,0,8
304,2,5,interference,0,8
305,2,6,interference,0,8
306,2,7,interference,0,8
307,2,8,interference,0,8
308,2,9,interference,0,8
309,2,10,interference,0,8
310,2,11,interference,0,8
311,2,12,interference,0,8
312,2,13,interference,0,8
313,2,14,interference,0,8
314,2,15,interference,0,8
315,2,16,interference,0,8
316,2,17,interference,0,8
317,2,18,interference,0,8
318,2,19,interference,0,8
319,2,20,interference,0,8
320,3,1,interference,1,1
321,3,2,interference,0,1
322,3,3,interference,1,1
323,3,4,interference,1,1
324,3,5,interference,1,1
325,3,6,interference,1,1
326,3,7,interference,0,1
327,3,8,interference,1,1
328,3,9,interference,1,1
329,3,10,interference,1,1
330,3,11,interference,0,1
331,3,12,interference,1,1
332,3,13,interference,0,1
333,3,14,interference,1,1
334,3,15,interference,1,1
335,3,16,interference,0,1
336,3,17,interference,1,1
337,3,18,interference,1,1
338,3,19,interference,1,1
339,3,20,interference,0,1
340,3,1,interference,1,2
341,3,2,interference,0,2
342,3,3,interference,0,2
343,3,4,interference,1,2
344,3,5,interference,1,2
345,3,6,interference,0,2
346,3,7,interference,0,2
347,3,8,interference,1,2
348,3,9,interference,0,2
349,3,10,interference,0,2
350,3,11,interference,1,2
351,3,12,interference,1,2
352,3,13,interference,0,2
353,3,14,interference,1,2
354,3,15,interference,1,2
355,3,16,interference,1,2
356,3,17,interference,0,2
357,3,18,interference,1,2
358,3,19,interference,0,2
359,3,20,interference,1,2
360,3,1,interference,0,3
361,3,2,interference,0,3
362,3,3,interference,1,3
363,3,4,interference,0,3
364,3,5,interference,0,3
365,3,6,interference,1,3
366,3,7,interference,0,3
367,3,8,interference,1,3
368,3,9,interference,0,3
369,3,10,interference,0,3
370,3,11,interference,0,3
371,3,12,interference,0,3
372,3,13,interference,0,3
373,3,14,interference,0,3
374,3,15,interference,0,3
375,3,16,interference,0,3
376,3,17,interference,0,3
377,3,18,interference,0,3
378,3,19,interference,0,3
379,3,20,interference,0,3
380,3,1,interference,1,4
381,3,2,interference,0,4
382,3,3,interference,0,4
383,3,4,interference,0,4
384,3,5,interference,0,4
385,3,6,interference,0,4
386,3,7,interference,0,4
387,3,8,interference,0,4
388,3,9,interference,0,4
389,3,10,interference,0,4
390,3,11,interference,0,4
391,3,12,interference,0,4
392,3,13,interference,0,4
393,3,14,interference,0,4
394,3,15,interference,0,4
395,3,16,interference,0,4
396,3,17,interference,0,4
397,3,18,interference,0,4
398,3,19,interference,0,4
399,3,20,interference,0,4
400,3,1,interference,0,5
401,3,2,interference,0,5
402,3,3,interference,0,5
403,3,4,interference,0,5
404,3,5,interference,0,5
405,3,6,interference,0,5
406,3,7,interference,0,5
407,3,8,interference,0,5
408,3,9,interference,0,5
409,3,10,interference,0,5
410,3,11,interference,0,5
411,3,12,interference,0,5
412,3,13,interference,0,5
413,3,14,interference,0,5
414,3,15,interference,0,5
415,3,16,interference,0,5
416,3,17,interference,0,5
417,3,18,interference,0,5
418,3,19,interference,0,5
419,3,20,interference,0,5
420,3,1,interference,0,6
421,3,2,interference,0,6
422,3,3,interference,0,6
423,3,4,interference,0,6
424,3,5,interference,0,6
425,3,6,interference,0,6
426,3,7,interference,0,6
427,3,8,interference,0,6
428,3,9,interference,0,6
429,3,10,interference,0,6
430,3,11,interference,0,6
431,3,12,interference,0,6
432,3,13,interference,0,6
433,3,14,interference,0,6
434,3,15,interference,0,6
435,3,16,interference,0,6
436,3,17,interference,0,6
437,3,18,interference,0,6
438,3,19,interference,0,6
439,3,20,interference,0,6
440,3,1,interference,0,7
441,3,2,interference,0,7
442,3,3,interference,0,7
443,3,4,interference,0,7
444,3,5,interference,0,7
445,3,6,interference,0,7
446,3,7,interference,0,7
447,3,8,interference,0,7
448,3,9,interference,0,7
449,3,10,interference,0,7
450,3,11,interference,0,7
451,3,12,interference,0,7
452,3,13,interference,0,7
453,3,14,interference,0,7
454,3,15,interference,0,7
455,3,16,interference,0,7
456,3,17,interference,0,7
457,3,18,interference,0,7
458,3,19,interference,0,7
459,3,20,interference,0,7
460,3,1,interference,0,8
461,3,2,interference,0,8
462,3,3,interference,0,8
463,3,4,interference,0,8
464,3,5,interference,0,8
465,3,6,interference,0,8
466,3,7,interference,0,8
467,3,8,interference,0,8
468,3,9,interference,0,8
469,3,10,interference,0,8
470,3,11,interference,0,8
471,3,12,interference,0,8
472,3,13,interference,0,8
473,3,14,interference,0,8
474,3,15,interference,0,8
475,3,16,interference,0,8
476,3,17,interference,0,8
477,3,18,interference,0,8
478,3,19,interference,0,8
479,3,20,interference,0,8
480,4,1,interference,1,1
481,4,2,interference,0,1
482,4,3,interference,1,1
483,4,4,interference,0,1
484,4,5,interference,1,1
485,4,6,interference,0,1
486,4,7,interference,1,1
487,4,8,interference,1,1
488,4,9,interference,1,1
489,4,10,interference,1,1
490,4,11,interference,1,1
491,4,12,interference,1,1
492,4,13,interference,1,1
493,4,14,interference,1,1
494,4,15,interference,1,1
495,4,16,interference,1,1
496,4,17,interference,0,1
497,4,18,interference,0,1
498,4,19,interference,1,1
499,4,20,interference,1,1
500,4,1,interference,0,2
501,4,2,interference,0,2
502,4,3,interference,1,2
503,4,4,interference,0,2
504,4,5,interference,0,2
505,4,6,interference,0,2
506,4,7,interference,0,2
507,4,8,interference,0,2
508,4,9,interference,0,2
509,4,10,interference,0,2
510,4,11,interference,0,2
511,4,12,interference,0,2
512,4,13,interference,0,2
513,4,14,interference,0,2
514,4,15,interference,1,2
515,4,16,interference,0,2
516,4,17,interference,1,2
517,4,18,interference,1,2
518,4,19,interference,0,2
519,4,20,interference,1,2
520,4,1,interference,0,3
521,4,2,interference,0,3
522,4,3,interference,0,3
523,4,4,interference,0,3
524,4,5,interference,0,3
525,4,6,interference,0,3
526,4,7,interference,0,3
527,4,8,interference,0,3
528,4,9,interference,0,3
529,4,10,interference,1,3
530,4,11,interference,0,3
531,4,12,interference,0,3
532,4,13,interference,0,3
533,4,14,interference,0,3
534,4,15,interference,0,3
535,4,16,interference,1,3
536,4,17,interference,0,3
537,4,18,interference,0,3
538,4,19,interference,0,3
539,4,20,interference,0,3
540,4,1,interference,0,4
541,4,2,interference,0,4
542,4,3,interference,0,4
543,4,4,interference,0,4
544,4,5,interference,0,4
545,4,6,interference,1,4
546,4,7,interference,0,4
547,4,8,interference,0,4
548,4,9,interference,0,4
549,4,10,interference,0,4
550,4,11,interference,0,4
551,4,12,interference,0,4
552,4,13,interference,0,4
553,4,14,interference,0,4
554,4,15,interference,0,4
555,4,16,interference,0,4
556,4,17,interference,0,4
557,4,18,interference,0,4
558,4,19,interference,0,4
559,4,20,interference,0,4
560,4,1,interference,0,5
561,4,2,interference,0,5
562,4,3,interference,0,5
563,4,4,interference,0,5
564,4,5,interference,0,5
565,4,6,interference,0,5
566,4,7,interference,0,5
567,4,8,interference,0,5
568,4,9,interference,0,5
569,4,10,interference,0,5
570,4,11,interference,0,5
571,4,12,interference,0,5
572,4,13,interference,0,5
573,4,14,interference,0,5
574,4,15,interference,0,5
575,4,16,interference,0,5
576,4,17,interference,0,5
577,4,18,interference,0,5
578,4,19,interference,0,5
579,4,20,interference,0,5
580,4,1,interference,0,6
581,4,2,interference,0,6
582,4,3,interference,0,6
583,4,4,interference,0,6
584,4,5,interference,0,6
585,4,6,interference,0,6
586,4,7,interference,0,6
587,4,8,interference,0,6
588,4,9,interference,0,6
589,4,10,interference,0,6
590,4,11,interference,0,6
591,4,12,interference,0,6
592,4,13,interference,0,6
593,4,14,interference,0,6
594,4,15,interference,0,6
595,4,16,interference,0,6
596,4,17,interference,0,6
597,4,18,interference,0,6
598,4,19,interference,0,6
599,4,20,interference,0,6
600,4,1,interference,0,7
601,4,2,interference,0,7
602,4,3,interference,0,7
603,4,4,interference,0,7
604,4,5,interference,0,7
605,4,6,interference,0,7
606,4,7,interference,0,7
607,4,8,interference,0,7
608,4,9,interference,0,7
609,4,10,interference,0,7
610,4,11,interference,0,7
611,4,12,interference,0,7
612,4,13,interference,0,7
613,4,14,interference,0,7
614,4,15,interference,0,7
615,4,16,interference,0,7
616,4,17,interference,0,7
617,4,18,interference,0,7
618,4,19,interference,0,7
619,4,20,interference,0,7
620,4,1,interference,0,8
621,4,2,interference,0,8
622,4,3,interference,0,8
623,4,4,interference,0,8
624,4,5,interference,0,8
625,4,6,interference,0,8
626,4,7,interference,0,8
627,4,8,interference,0,8
628,4,9,interference,0,8
629,4,10,interference,0,8
630,4,11,interference,0,8
631,4,12,interference,0,8
632,4,13,interference,0,8
633,4,14,interference,0,8
634,4,15,interference,0,8
635,4,16,interference,0,8
636,4,17,interference,0,8
637,4,18,interference,0,8
638,4,19,interference,0,8
639,4,20,interference,0,8
640,5,1,simple,1,1
641,5,2,simple,1,1
642,5,3,simple,1,1
643,5,4,simple,1,1
644,5,5,simple,1,1
645,5,6,simple,1,1
646,5,7,simple,1,1
647,5,8,simple,1,1
648,5,9,simple,1,1
649,5,10,simple,1,1
650,5,11,simple,1,1
651,5,12,simple,1,1
652,5,13,simple,1,1
653,5,14,simple,1,1
654,5,15,simple,0,1
655,5,16,simple,1,1
656,5,17,simple,1,1
657,5,18,simple,1,1
658,5,19,simple,1,1
659,5,20,simple,1,1
660,5,1,simple,0,2
661,5,2,simple,1,2
662,5,3,simple,0,2
663,5,4,simple,1,2
664,5,5,simple,1,2
665,5,6,simple,1,2
666,5,7,simple,1,2
667,5,8,simple,1,2
668,5,9,simple,1,2
669,5,10,simple,1,2
670,5,11,simple,0,2
671,5,12,simple,0,2
672,5,13,simple,1,2
673,5,14,simple,1,2
674,5,15,simple,1,2
675,5,16,simple,0,2
676,5,17,simple,1,2
677,5,18,simple,1,2
678,5,19,simple,1,2
679,5,20,simple,1,2
680,5,1,simple,0,3
681,5,2,simple,0,3
682,5,3,simple,1,3
683,5,4,simple,0,3
684,5,5,simple,0,3
685,5,6,simple,1,3
686,5,7,simple,0,3
687,5,8,simple,0,3
688,5,9,simple,0,3
689,5,10,simple,0,3
690,5,11,simple,0,3
691,5,12,simple,0,3
692,5,13,simple,0,3
693,5,14,simple,1,3
694,5,15,simple,0,3
695,5,16,simple,1,3
696,5,17,simple,0,3
697,5,18,simple,0,3
698,5,19,simple,0,3
699,5,20,simple,1,3
700,5,1,simple,0,4
701,5,2,simple,0,4
702,5,3,simple,0,4
703,5,4,simple,0,4
704,5,5,simple,0,4
705,5,6,simple,1,4
706,5,7,simple,0,4
707,5,8,simple,1,4
708,5,9,simple,0,4
709,5,10,simple,1,4
710,5,11,simple,0,4
711,5,12,simple,0,4
712,5,13,simple,1,4
713,5,14,simple,0,4
714,5,15,simple,0,4
715,5,16,simple,0,4
716,5,17,simple,0,4
717,5,18,simple,1,4
718,5,19,simple,0,4
719,5,20,simple,0,4
720,5,1,simple,0,5
721,5,2,simple,0,5
722,5,3,simple,0,5
723,5,4,simple,0,5
724,5,5,simple,0,5
725,5,6,simple,0,5
726,5,7,simple,0,5
727,5,8,simple,0,5
728,5,9,simple,1,5
729,5,10,simple,0,5
730,5,11,simple,0,5
731,5,12,simple,0,5
732,5,13,simple,0,5
733,5,14,simple,0,5
734,5,15,simple,0,5
735,5,16,simple,1,5
736,5,17,simple,1,5
737,5,18,simple,0,5
738,5,19,simple,0,5
739,5,20,simple,0,5
740,5,1,simple,0,6
741,5,2,simple,0,6
742,5,3,simple,0,6
743,5,4,simple,1,6
744,5,5,simple,0,6
745,5,6,simple,0,6
746,5,7,simple,0,6
747,5,8,simple,0,6
748,5,9,simple,0,6
749,5,10,simple,0,6
750,5,11,simple,0,6
751,5,12,simple,0,6
752,5,13,simple,0,6
753,5,14,simple,0,6
754,5,15,simple,0,6
755,5,16,simple,0,6
756,5,17,simple,0,6
757,5,18,simple,0,6
758,5,19,simple,0,6
759,5,20,simple,0,6
760,5,1,simple,0,7
761,5,2,simple,0,7
762,5,3,simple,0,7
763,5,4,simple,0,7
764,5,5,simple,0,7
765,5,6,simple,0,7
766,5,7,simple,0,7
767,5,8,simple,0,7
768,5,9,simple,0,7
769,5,10,simple,0,7
770,5,11,simple,0,7
771,5,12,simple,0,7
772,5,13,simple,0,7
773,5,14,simple,0,7
774,5,15,simple,0,7
775,5,16,simple,0,7
776,5,17,simple,0,7
777,5,18,simple,0,7
778,5,19,simple,0,7
779,5,20,simple,0,7
780,5,1,simple,0,8
781,5,2,simple,0,8
782,5,3,simple,0,8
783,5,4,simple,0,8
784,5,5,simple,0,8
785,5,6,simple,0,8
786,5,7,simple,0,8
787,5,8,simple,0,8
788,5,9,simple,0,8
789,5,10,simple,0,8
790,5,11,simple,0,8
791,5,12,simple,0,8
792,5,13,simple,0,8
793,5,14,simple,0,8
794,5,15,simple,0,8
795,5,16,simple,0,8
796,5,17,simple,0,8
797,5,18,simple,0,8
798,5,19,simple,0,8
799,5,20,simple,0,8
800,6,1,simple,1,1
801,6,2,simple,1,1
802,6,3,simple,1,1
803,6,4,simple,1,1
804,6,5,simple,1,1
805,6,6,simple,1,1
806,6,7,simple,0,1
807,6,8,simple,1,1
808,6,9,simple,1,1
809,6,10,simple,1,1
810,6,11,simple,1,1
811,6,12,simple,1,1
812,6,13,simple,1,1
813,6,14,simple,1,1
814,6,15,simple,1,1
815,6,16,simple,1,1
816,6,17,simple,1,1
817,6,18,simple,0,1
818,6,19,simple,1,1
819,6,20,simple,0,1
820,6,1,simple,1,2
821,6,2,simple,1,2
822,6,3,simple,1,2
823,6,4,simple,1,2
824,6,5,simple,1,2
825,6,6,simple,0,2
826,6,7,simple,0,2
827,6,8,simple,1,2
828,6,9,simple,0,2
829,6,10,simple,1,2
830,6,11,simple,1,2
831,6,12,simple,1,2
832,6,13,simple,1,2
833,6,14,simple,1,2
834,6,15,simple,0,2
835,6,16,simple,1,2
836,6,17,simple,1,2
837,6,18,simple,1,2
838,6,19,simple,1,2
839,6,20,simple,1,2
840,6,1,simple,1,3
841,6,2,simple,1,3
842,6,3,simple,0,3
843,6,4,simple,1,3
844,6,5,simple,0,3
845,6,6,simple,0,3
846,6,7,simple,0,3
847,6,8,simple,0,3
848,6,9,simple,0,3
849,6,10,simple,0,3
850,6,11,simple,1,3
851,6,12,simple,0,3
852,6,13,simple,0,3
853,6,14,simple,0,3
854,6,15,simple,0,3
855,6,16,simple,1,3
856,6,17,simple,0,3
857,6,18,simple,0,3
858,6,19,simple,0,3
859,6,20,simple,0,3
860,6,1,simple,0,4
861,6,2,simple,1,4
862,6,3,simple,0,4
863,6,4,simple,0,4
864,6,5,simple,0,4
865,6,6,simple,0,4
866,6,7,simple,0,4
867,6,8,simple,0,4
868,6,9,simple,0,4
869,6,10,simple,0,4
870,6,11,simple,0,4
871,6,12,simple,0,4
872,6,13,simple,0,4
873,6,14,simple,0,4
874,6,15,simple,0,4
875,6,16,simple,1,4
876,6,17,simple,0,4
877,6,18,simple,0,4
878,6,19,simple,0,4
879,6,20,simple,0,4
880,6,1,simple,0,5
881,6,2,simple,0,5
882,6,3,simple,0,5
883,6,4,simple,0,5
884,6,5,simple,0,5
885,6,6,simple,0,5
886,6,7,simple,0,5
887,6,8,simple,0,5
888,6,9,simple,0,5
889,6,10,simple,0,5
890,6,11,simple,1,5
891,6,12,simple,0,5
892,6,13,simple,0,5
893,6,14,simple,0,5
894,6,15,simple,0,5
895,6,16,simple,0,5
896,6,17,simple,0,5
897,6,18,simple,0,5
898,6,19,simple,0,5
899,6,20,simple,0,5
900,6,1,simple,0,6
901,6,2,simple,0,6
902,6,3,simple,0,6
903,6,4,simple,0,6
904,6,5,simple,0,6
905,6,6,simple,0,6
906,6,7,simple,0,6
907,6,8,simple,0,6
908,6,9,simple,0,6
909,6,10,simple,0,6
910,6,11,simple,0,6
911,6,12,simple,0,6
912,6,13,simple,0,6
913,6,14,simple,0,6
914,6,15,simple,0,6
915,6,16,simple,0,6
916,6,17,simple,0,6
917,6,18,simple,0,6
918,6,19,simple,0,6
919,6,20,simple,0,6
920,6,1,simple,0,7
921,6,2,simple,0,7
922,6,3,simple,0,7
923,6,4,simple,0,7
924,6,5,simple,0,7
925,6,6,simple,0,7
926,6,7,simple,0,7
927,6,8,simple,0,7
928,6,9,simple,0,7
929,6,10,simple,0,7
930,6,11,simple,0,7
931,6,12,simple,0,7
932,6,13,simple,0,7
933,6,14,simple,0,7
934,6,15,simple,0,7
935,6,16,simple,0,7
936,6,17,simple,0,7
937,6,18,simple,0,7
938,6,19,simple,0,7
939,6,20,simple,0,7
940,6,1,simple,0,8
941,6,2,simple,0,8
942,6,3,simple,0,8
943,6,4,simple,0,8
944,6,5,simple,0,8
945,6,6,simple,0,8
946,6,7,simple,0,8
947,6,8,simple,0,8
948,6,9,simple,0,8
949,6,10,simple,0,8
950,6,11,simple,0,8
951,6,12,simple,0,8
952,6,13,simple,0,8
953,6,14,simple,0,8
954,6,15,simple,0,8
955,6,16,simple,0,8
956,6,17,simple,0,8
957,6,18,simple,0,8
958,6,19,simple,0,8
959,6,20,simple,0,8
960,7,1,simple,1,1
961,7,2,simple,1,1
962,7,3,simple,1,1
963,7,4,simple,1,1
964,7,5,simple,1,1
965,7,6,simple,1,1
966,7,7,simple,1,1
967,7,8,simple,1,1
968,7,9,simple,1,1
969,7,10,simple,1,1
970,7,11,simple,1,1
971,7,12,simple,1,1
972,7,13,simple,1,1
973,7,14,simple,1,1
974,7,15,simple,1,1
975,7,16,simple,1,1
976,7,17,simple,1,1
977,7,18,simple,1,1
978,7,19,simple,1,1
979,7,20,simple,1,1
980,7,1,simple,0,2
981,7,2,simple,0,2
982,7,3,simple,0,2
983,7,4,simple,1,2
984,7,5,simple,1,2
985,7,6,simple,1,2
986,7,7,simple,0,2
987,7,8,simple,0,2
988,7,9,simple,1,2
989,7,10,simple,0,2
990,7,11,simple,0,2
991,7,12,simple,0,2
992,7,13,simple,1,2
993,7,14,simple,1,2
994,7,15,simple,0,2
995,7,16,simple,1,2
996,7,17,simple,1,2
997,7,18,simple,1,2
998,7,19,simple,1,2
999,7,20,simple,1,2
1000,7,1,simple,0,3
1001,7,2,simple,0,3
1002,7,3,simple,0,3
1003,7,4,simple,0,3
1004,7,5,simple,1,3
1005,7,6,simple,0,3
1006,7,7,simple,1,3
1007,7,8,simple,0,3
1008,7,9,simple,0,3
1009,7,10,simple,0,3
1010,7,11,simple,1,3
1011,7,12,simple,1,3
1012,7,13,simple,1,3
1013,7,14,simple,1,3
1014,7,15,simple,0,3
1015,7,16,simple,1,3
1016,7,17,simple,1,3
1017,7,18,simple,0,3
1018,7,19,simple,0,3
1019,7,20,simple,1,3
1020,7,1,simple,0,4
1021,7,2,simple,0,4
1022,7,3,simple,1,4
1023,7,4,simple,0,4
1024,7,5,simple,0,4
1025,7,6,simple,0,4
1026,7,7,simple,0,4
1027,7,8,simple,1,4
1028,7,9,simple,0,4
1029,7,10,simple,0,4
1030,7,11,simple,0,4
1031,7,12,simple,1,4
1032,7,13,simple,0,4
1033,7,14,simple,0,4
1034,7,15,simple,0,4
1035,7,16,simple,1,4
1036,7,17,simple,0,4
1037,7,18,simple,0,4
1038,7,19,simple,0,4
1039,7,20,simple,1,4
1040,7,1,simple,0,5
1041,7,2,simple,0,5
1042,7,3,simple,0,5
1043,7,4,simple,0,5
1044,7,5,simple,0,5
1045,7,6,simple,0,5
1046,7,7,simple,0,5
1047,7,8,simple,0,5
1048,7,9,simple,0,5
1049,7,10,simple,0,5
1050,7,11,simple,0,5
1051,7,12,simple,1,5
1052,7,13,simple,0,5
1053,7,14,simple,0,5
1054,7,15,simple,0,5
1055,7,16,simple,0,5
1056,7,17,simple,0,5
1057,7,18,simple,0,5
1058,7,19,simple,1,5
1059,7,20,simple,0,5
1060,7,1,simple,0,6
1061,7,2,simple,0,6
1062,7,3,simple,0,6
1063,7,4,simple,0,6
1064,7,5,simple,0,6
1065,7,6,simple,0,6
1066,7,7,simple,0,6
1067,7,8,simple,0,6
1068,7,9,simple,0,6
1069,7,10,simple,0,6
1070,7,11,simple,0,6
1071,7,12,simple,0,6
1072,7,13,simple,0,6
1073,7,14,simple,0,6
1074,7,15,simple,0,6
1075,7,16,simple,0,6
1076,7,17,simple,0,6
1077,7,18,simple,0,6
1078,7,19,simple,0,6
1079,7,20,simple,0,6
1080,7,1,simple,0,7
1081,7,2,simple,0,7
1082,7,3,simple,0,7
1083,7,4,simple,0,7
1084,7,5,simple,0,7
1085,7,6,simple,0,7
1086,7,7,simple,0,7
1087,7,8,simple,0,7
1088,7,9,simple,0,7
1089,7,10,simple,0,7
1090,7,11,simple,0,7
1091,7,12,simple,0,7
1092,7,13,simple,0,7
1093,7,14,simple,0,7
1094,7,15,simple,0,7
1095,7,16,simple,0,7
1096,7,17,simple,0,7
1097,7,18,simple,0,7
1098,7,19,simple,0,7
1099,7,20,simple,0,7
1100,7,1,simple,0,8
1101,7,2,simple,0,8
1102,7,3,simple,0,8
1103,7,4,simple,0,8
1104,7,5,simple,0,8
1105,7,6,simple,0,8
1106,7,7,simple,0,8
1107,7,8,simple,0,8
1108,7,9,simple,0,8
1109,7,10,simple,0,8
1110,7,11,simple,0,8
1111,7,12,simple,0,8
1112,7,13,simple,0,8
1113,7,14,simple,0,8
1114,7,15,simple,0,8
1115,7,16,simple,0,8
1116,7,17,simple,0,8
1117,7,18,simple,0,8
1118,7,19,simple,0,8
1119,7,20,simple,0,8
1120,8,1,interference,1,1
1121,8,2,interference,1,1
1122,8,3,interference,0,1
1123,8,4,interference,1,1
1124,8,5,interference,0,1
1125,8,6,interference,0,1
1126,8,7,interference,1,1
1127,8,8,interference,1,1
1128,8,9,interference,1,1
1129,8,10,interference,1,1
1130,8,11,interference,0,1
1131,8,12,interference,0,1
1132,8,13,interference,1,1
1133,8,14,interference,1,1
1134,8,15,interference,0,1
1135,8,16,interference,1,1
1136,8,17,interference,1,1
1137,8,18,interference,0,1
1138,8,19,interference,0,1
1139,8,20,interference,1,1
1140,8,1,interference,1,2
1141,8,2,interference,1,2
1142,8,3,interference,1,2
1143,8,4,interference,0,2
1144,8,5,interference,0,2
1145,8,6,interference,0,2
1146,8,7,interference,0,2
1147,8,8,interference,0,2
1148,8,9,interference,1,2
1149,8,10,interference,0,2
1150,8,11,interference,1,2
1151,8,12,interference,1,2
1152,8,13,interference,0,2
1153,8,14,interference,1,2
1154,8,15,interference,0,2
1155,8,16,interference,0,2
1156,8,17,interference,1,2
1157,8,18,interference,1,2
1158,8,19,interference,1,2
1159,8,20,interference,0,2
1160,8,1,interference,0,3
1161,8,2,interference,0,3
1162,8,3,interference,0,3
1163,8,4,interference,0,3
1164,8,5,interference,0,3
1165,8,6,interference,0,3
1166,8,7,interference,0,3
1167,8,8,interference,0,3
1168,8,9,interference,0,3
1169,8,10,interference,0,3
1170,8,11,interference,0,3
1171,8,12,interference,0,3
1172,8,13,interference,0,3
1173,8,14,interference,0,3
1174,8,15,interference,0,3
1175,8,16,interference,0,3
1176,8,17,interference,1,3
1177,8,18,interference,0,3
1178,8,19,interference,0,3
1179,8,20,interference,0,3
1180,8,1,interference,0,4
1181,8,2,interference,0,4
1182,8,3,interference,0,4
1183,8,4,interference,0,4
1184,8,5,interference,0,4
1185,8,6,interference,1,4
1186,8,7,interference,0,4
1187,8,8,interference,1,4
1188,8,9,interference,0,4
1189,8,10,interference,0,4
1190,8,11,interference,0,4
1191,8,12,interference,0,4
1192,8,13,interference,0,4
1193,8,14,interference,1,4
1194,8,15,interference,0,4
1195,8,16,interference,0,4
1196,8,17,interference,0,4
1197,8,18,interference,0,4
1198,8,19,interference,0,4
1199,8,20,interference,0,4
1200,8,1,interference,0,5
1201,8,2,interference,0,5
1202,8,3,interference,0,5
1203,8,4,interference,0,5
1204,8,5,interference,0,5
1205,8,6,interference,0,5
1206,8,7,interference,0,5
1207,8,8,interference,0,5
1208,8,9,interference,0,5
1209,8,10,interference,0,5
1210,8,11,interference,0,5
1211,8,12,interference,0,5
1212,8,13,interference,0,5
1213,8,14,interference,0,5
1214,8,15,interference,0,5
1215,8,16,interference,0,5
1216,8,17,interference,0,5
1217,8,18,interference,0,5
1218,8,19,interference,0,5
1219,8,20,interference,0,5
1220,8,1,interference,0,6
1221,8,2,interference,0,6
1222,8,3,interference,0,6
1223,8,4,interference,0,6
1224,8,5,interference,0,6
1225,8,6,interference,0,6
1226,8,7,interference,0,6
1227,8,8,interference,0,6
1228,8,9,interference,0,6
1229,8,10,interference,0,6
1230,8,11,interference,0,6
1231,8,12,interference,0,6
1232,8,13,interference,0,6
1233,8,14,interference,0,6
1234,8,15,interference,0,6
1235,8,16,interference,0,6
1236,8,17,interference,0,6
1237,8,18,interference,0,6
1238,8,19,interference,0,6
1239,8,20,interference,0,6
1240,8,1,interference,0,7
1241,8,2,interference,0,7
1242,8,3,interference,0,7
1243,8,4,interference,0,7
1244,8,5,interference,0,7
1245,8,6,interference,0,7
1246,8,7,interference,0,7
1247,8,8,interference,0,7
1248,8,9,interference,0,7
1249,8,10,interference,0,7
1250,8,11,interference,0,7
1251,8,12,interference,0,7
1252,8,13,interference,0,7
1253,8,14,interference,0,7
1254,8,15,interference,0,7
1255,8,16,interference,0,7
1256,8,17,interference,0,7
1257,8,18,interference,0,7
1258,8,19,interference,0,7
1259,8,20,interference,0,7
1260,8,1,interference,0,8
1261,8,2,interference,0,8
1262,8,3,interference,0,8
1263,8,4,interference,0,8
1264,8,5,interference,0,8
1265,8,6,interference,0,8
1266,8,7,interference,0,8
1267,8,8,interference,0,8
1268,8,9,interference,0,8
1269,8,10,interference,0,8
1270,8,11,interference,0,8
1271,8,12,interference,0,8
1272,8,13,interference,0,8
1273,8,14,interference,0,8
1274,8,15,interference,0,8
1275,8,16,interference,0,8
1276,8,17,interference,0,8
1277,8,18,interference,0,8
1278,8,19,interference,0,8
1279,8,20,interference,0,8
1280,9,1,simple,1,1
1281,9,2,simple,0,1
1282,9,3,simple,1,1
1283,9,4,simple,1,1
1284,9,5,simple,1,1
1285,9,6,simple,1,1
1286,9,7,simple,1,1
1287,9,8,simple,1,1
1288,9,9,simple,1,1
1289,9,10,simple,0,1
1290,9,11,simple,1,1
1291,9,12,simple,1,1
1292,9,13,simple,1,1
1293,9,14,simple,1,1
1294,9,15,simple,1,1
1295,9,16,simple,1,1
1296,9,17,simple,1,1
1297,9,18,simple,1,1
1298,9,19,simple,0,1
1299,9,20,simple,1,1
1300,9,1,simple,1,2
1301,9,2,simple,1,2
1302,9,3,simple,1,2
1303,9,4,simple,0,2
1304,9,5,simple,0,2
1305,9,6,simple,1,2
1306,9,7,simple,0,2
1307,9,8,simple,0,2
1308,9,9,simple,0,2
1309,9,10,simple,0,2
1310,9,11,simple,1,2
1311,9,12,simple,0,2
1312,9,13,simple,0,2
1313,9,14,simple,0,2
1314,9,15,simple,0,2
1315,9,16,simple,1,2
1316,9,17,simple,1,2
1317,9,18,simple,1,2
1318,9,19,simple,0,2
1319,9,20,simple,1,2
1320,9,1,simple,0,3
1321,9,2,simple,0,3
1322,9,3,simple,0,3
1323,9,4,simple,0,3
1324,9,5,simple,0,3
1325,9,6,simple,1,3
1326,9,7,simple,1,3
1327,9,8,simple,1,3
1328,9,9,simple,0,3
1329,9,10,simple,0,3
1330,9,11,simple,1,3
1331,9,12,simple,0,3
1332,9,13,simple,1,3
1333,9,14,simple,1,3
1334,9,15,simple,0,3
1335,9,16,simple,0,3
1336,9,17,simple,1,3
1337,9,18,simple,0,3
1338,9,19,simple,0,3
1339,9,20,simple,0,3
1340,9,1,simple,0,4
1341,9,2,simple,0,4
1342,9,3,simple,0,4
1343,9,4,simple,0,4
1344,9,5,simple,0,4
1345,9,6,simple,0,4
1346,9,7,simple,0,4
1347,9,8,simple,0,4
1348,9,9,simple,0,4
1349,9,10,simple,0,4
1350,9,11,simple,0,4
1351,9,12,simple,0,4
1352,9,13,simple,1,4
1353,9,14,simple,0,4
1354,9,15,simple,0,4
1355,9,16,simple,1,4
1356,9,17,simple,0,4
1357,9,18,simple,0,4
1358,9,19,simple,0,4
1359,9,20,simple,0,4
1360,9,1,simple,0,5
1361,9,2,simple,0,5
1362,9,3,simple,0,5
1363,9,4,simple,0,5
1364,9,5,simple,0,5
1365,9,6,simple,0,5
1366,9,7,simple,0,5
1367,9,8,simple,0,5
1368,9,9,simple,0,5
1369,9,10,simple,0,5
1370,9,11,simple,0,5
1371,9,12,simple,0,5
1372,9,13,simple,0,5
1373,9,14,simple,0,5
1374,9,15,simple,0,5
1375,9,16,simple,0,5
1376,9,17,simple,0,5
1377,9,18,simple,0,5
1378,9,19,simple,0,5
1379,9,20,simple,0,5
1380,9,1,simple,0,6
1381,9,2,simple,0,6
1382,9,3,simple,0,6
1383,9,4,simple,0,6
1384,9,5,simple,0,6
1385,9,6,simple,0,6
1386,9,7,simple,0,6
1387,9,8,simple,0,6
1388,9,9,simple,0,6
1389,9,10,simple,0,6
1390,9,11,simple,0,6
1391,9,12,simple,0,6
1392,9,13,simple,0,6
1393,9,14,simple,0,6
1394,9,15,simple,0,6
1395,9,16,simple,0,6
1396,9,17,simple,0,6
1397,9,18,simple,0,6
1398,9,19,simple,0,6
1399,9,20,simple,0,6
1400,9,1,simple,0,7
1401,9,2,simple,0,7
1402,9,3,simple,0,7
1403,9,4,simple,0,7
1404,9,5,simple,0,7
1405,9,6,simple,0,7
1406,9,7,simple,0,7
1407,9,8,simple,0,7
1408,9,9,simple,0,7
1409,9,10,simple,0,7
1410,9,11,simple,0,7
1411,9,12,simple,0,7
1412,9,13,simple,0,7
1413,9,14,simple,0,7
1414,9,15,simple,0,7
1415,9,16,simple,0,7
1416,9,17,simple,0,7
1417,9,18,simple,0,7
1418,9,19,simple,0,7
1419,9,20,simple,0,7
1420,9,1,simple,0,8
1421,9,2,simple,0,8
1422,9,3,simple,0,8
1423,9,4,simple,0,8
1424,9,5,simple,0,8
1425,9,6,simple,0,8
1426,9,7,simple,0,8
1427,9,8,simple,0,8
1428,9,9,simple,0,8
1429,9,10,simple,0,8
1430,9,11,simple,0,8
1431,9,12,simple,0,8
1432,9,13,simple,0,8
1433,9,14,simple,0,8
1434,9,15,simple,0,8
1435,9,16,simple,0,8
1436,9,17,simple,0,8
1437,9,18,simple,0,8
1438,9,19,simple,0,8
1439,9,20,simple,0,8
1440,10,1,interference,1,1
1441,10,2,interference,0,1
1442,10,3,interference,0,1
1443,10,4,interference,1,1
1444,10,5,interference,1,1
1445,10,6,interference,1,1
1446,10,7,interference,0,1
1447,10,8,interference,0,1
1448,10,9,interference,1,1
1449,10,10,interference,0,1
1450,10,11,interference,1,1
1451,10,12,interference,1,1
1452,10,13,interference,0,1
1453,10,14,interference,0,1
1454,10,15,interference,1,1
1455,10,16,interference,1,1
1456,10,17,interference,1,1
1457,10,18,interference,0,1
1458,10,19,interference,0,1
1459,10,20,interference,1,1
1460,10,1,interference,0,2
1461,10,2,interference,0,2
1462,10,3,interference,1,2
1463,10,4,interference,1,2
1464,10,5,interference,0,2
1465,10,6,interference,0,2
1466,10,7,interference,0,2
1467,10,8,interference,0,2
1468,10,9,interference,0,2
1469,10,10,interference,0,2
1470,10,11,interference,1,2
1471,10,12,interference,1,2
1472,10,13,interference,0,2
1473,10,14,interference,0,2
1474,10,15,interference,0,2
1475,10,16,interference,1,2
1476,10,17,interference,1,2
1477,10,18,interference,1,2
1478,10,19,interference,0,2
1479,10,20,interference,0,2
1480,10,1,interference,0,3
1481,10,2,interference,0,3
1482,10,3,interference,1,3
1483,10,4,interference,0,3
1484,10,5,interference,0,3
1485,10,6,interference,0,3
1486,10,7,interference,1,3
1487,10,8,interference,0,3
1488,10,9,interference,0,3
1489,10,10,interference,0,3
1490,10,11,interference,0,3
1491,10,12,interference,0,3
1492,10,13,interference,0,3
1493,10,14,interference,0,3
1494,10,15,interference,0,3
1495,10,16,interference,0,3
1496,10,17,interference,0,3
1497,10,18,interference,0,3
1498,10,19,interference,0,3
1499,10,20,interference,0,3
1500,10,1,interference,0,4
1501,10,2,interference,0,4
1502,10,3,interference,0,4
1503,10,4,interference,0,4
1504,10,5,interference,0,4
1505,10,6,interference,0,4
1506,10,7,interference,0,4
1507,10,8,interference,0,4
1508,10,9,interference,0,4
1509,10,10,interference,0,4
1510,10,11,interference,0,4
1511,10,12,interference,0,4
1512,10,13,interference,0,4
1513,10,14,interference,0,4
1514,10,15,interference,0,4
1515,10,16,interference,0,4
1516,10,17,interference,1,4
1517,10,18,interference,0,4
1518,10,19,interference,0,4
1519,10,20,interference,0,4
1520,10,1,interference,0,5
1521,10,2,interference,0,5
1522,10,3,interference,0,5
1523,10,4,interference,0,5
1524,10,5,interference,0,5
1525,10,6,interference,0,5
1526,10,7,interference,0,5
1527,10,8,interference,0,5
1528,10,9,interference,0,5
1529,10,10,interference,0,5
1530,10,11,interference,0,5
1531,10,12,interference,0,5
1532,10,13,interference,0,5
1533,10,14,interference,0,5
1534,10,15,interference,0,5
1535,10,16,interference,0,5
1536,10,17,interference,0,5
1537,10,18,interference,0,5
1538,10,19,interference,0,5
1539,10,20,interference,0,5
1540,10,1,interference,0,6
1541,10,2,interference,0,6
1542,10,3,interference,0,6
1543,10,4,interference,0,6
1544,10,5,interference,0,6
1545,10,6,interference,0,6
1546,10,7,interference,0,6
1547,10,8,interference,0,6
1548,10,9,interference,0,6
1549,10,10,interference,0,6
1550,10,11,interference,0,6
1551,10,12,interference,0,6
1552,10,13,interference,0,6
1553,10,14,interference,0,6
1554,10,15,interference,0,6
1555,10,16,interference,0,6
1556,10,17,interference,0,6
1557,10,18,interference,0,6
1558,10,19,interference,0,6
1559,10,20,interference,0,6
1560,10,1,interference,0,7
1561,10,2,interference,0,7
1562,10,3,interference,0,7
1563,10,4,interference,0,7
1564,10,5,interference,0,7
1565,10,6,interference,0,7
1566,10,7,interference,0,7
1567,10,8,interference,0,7
1568,10,9,interference,0,7
1569,10,10,interference,0,7
1570,10,11,interference,0,7
1571,10,12,interference,0,7
1572,10,13,interference,0,7
1573,10,14,interference,0,7
1574,10,15,interference,0,7
1575,10,16,interference,0,7
1576,10,17,interference,0,7
1577,10,18,interference,0,7
1578,10,19,interference,0,7
1579,10,20,interference,0,7
1580,10,1,interference,0,8
1581,10,2,interference,0,8
1582,10,3,interference,0,8
1583,10,4,interference,0,8
1584,10,5,interference,0,8
1585,10,6,interference,0,8
1586,10,7,interference,0,8
1587,10,8,interference,0,8
1588,10,9,interference,0,8
1589,10,10,interference,0,8
1590,10,11,interference,0,8
1591,10,12,interference,0,8
1592,10,13,interference,0,8
1593,10,14,interference,0,8
1594,10,15,interference,0,8
1595,10,16,interference,0,8
1596,10,17,interference,0,8
1597,10,18,interference,0,8
1598,10,19,interference,0,8
1599,10,20,interference,0,8
1600,11,1,interference,0,1
1601,11,2,interference,1,1
1602,11,3,interference,1,1
1603,11,4,interference,1,1
1604,11,5,interference,1,1
1605,11,6,interference,1,1
1606,11,7,interference,1,1
1607,11,8,interference,1,1
1608,11,9,interference,1,1
1609,11,10,interference,0,1
1610,11,11,interference,1,1
1611,11,12,interference,1,1
1612,11,13,interference,1,1
1613,11,14,interference,1,1
1614,11,15,interference,1,1
1615,11,16,interference,1,1
1616,11,17,interference,1,1
1617,11,18,interference,1,1
1618,11,19,interference,1,1
1619,11,20,interference,1,1
1620,11,1,interference,0,2
1621,11,2,interference,0,2
1622,11,3,interference,0,2
1623,11,4,interference,1,2
1624,11,5,interference,0,2
1625,11,6,interference,0,2
1626,11,7,interference,0,2
1627,11,8,interference,0,2
1628,11,9,interference,1,2
1629,11,10,interference,0,2
1630,11,11,interference,1,2
1631,11,12,interference,0,2
1632,11,13,interference,0,2
1633,11,14,interference,0,2
1634,11,15,interference,0,2
1635,11,16,interference,0,2
1636,11,17,interference,0,2
1637,11,18,interference,0,2
1638,11,19,interference,1,2
1639,11,20,interference,1,2
1640,11,1,interference,0,3
1641,11,2,interference,0,3
1642,11,3,interference,0,3
1643,11,4,interference,0,3
1644,11,5,interference,0,3
1645,11,6,interference,0,3
1646,11,7,interference,0,3
1647,11,8,interference,0,3
1648,11,9,interference,0,3
1649,11,10,interference,0,3
1650,11,11,interference,1,3
1651,11,12,interference,0,3
1652,11,13,interference,1,3
1653,11,14,interference,0,3
1654,11,15,interference,0,3
1655,11,16,interference,0,3
1656,11,17,interference,1,3
1657,11,18,interference,0,3
1658,11,19,interference,0,3
1659,11,20,interference,0,3
1660,11,1,interference,0,4
1661,11,2,interference,0,4
1662,11,3,interference,0,4
1663,11,4,interference,0,4
1664,11,5,interference,0,4
1665,11,6,interference,0,4
1666,11,7,interference,1,4
1667,11,8,interference,0,4
1668,11,9,interference,0,4
1669,11,10,interference,0,4
1670,11,11,interference,0,4
1671,11,12,interference,0,4
1672,11,13,interference,0,4
1673,11,14,interference,0,4
1674,11,15,interference,0,4
1675,11,16,interference,0,4
1676,11,17,interference,0,4
1677,11,18,interference,0,4
1678,11,19,interference,0,4
1679,11,20,interference,0,4
1680,11,1,interference,0,5
1681,11,2,interference,0,5
1682,11,3,interference,0,5
1683,11,4,interference,0,5
1684,11,5,interference,0,5
1685,11,6,interference,0,5
1686,11,7,interference,0,5
1687,11,8,interference,0,5
1688,11,9,interference,0,5
1689,11,10,interference,0,5
1690,11,11,interference,0,5
1691,11,12,interference,0,5
1692,11,13,interference,0,5
1693,11,14,interference,0,5
1694,11,15,interference,0,5
1695,11,16,interference,0,5
1696,11,17,interference,0,5
1697,11,18,interference,0,5
1698,11,19,interference,0,5
1699,11,20,interference,0,5
1700,11,1,interference,0,6
1701,11,2,interference,0,6
1702,11,3,interference,0,6
1703,11,4,interference,0,6
1704,11,5,interference,0,6
1705,11,6,interference,0,6
1706,11,7,interference,0,6
1707,11,8,interference,0,6
1708,11,9,interference,0,6
1709,11,10,interference,0,6
1710,11,11,interference,0,6
1711,11,12,interference,0,6
1712,11,13,interference,0,6
1713,11,14,interference,0,6
1714,11,15,interference,0,6
1715,11,16,interference,0,6
1716,11,17,interference,0,6
1717,11,18,interference,0,6
1718,11,19,interference,0,6
1719,11,20,interference,0,6
1720,11,1,interference,0,7
1721,11,2,interference,0,7
1722,11,3,interference,0,7
1723,11,4,interference,0,7
1724,11,5,interference,0,7
1725,11,6,interference,0,7
1726,11,7,interference,0,7
1727,11,8,interference,0,7
1728,11,9,interference,0,7
1729,11,10,interference,0,7
1730,11,11,interference,0,7
1731,11,12,interference,0,7
1732,11,13,interference,0,7
1733,11,14,interference,0,7
1734,11,15,interference,0,7
1735,11,16,interference,0,7
1736,11,17,interference,0,7
1737,11,18,interference,0,7
1738,11,19,interference,0,7
1739,11,20,interference,0,7
1740,11,1,interference,0,8
1741,11,2,interference,0,8
1742,11,3,interference,0,8
1743,11,4,interference,0,8
1744,11,5,interference,0,8
1745,11,6,interference,0,8
1746,11,7,interference,0,8
1747,11,8,interference,0,8
1748,11,9,interference,0,8
1749,11,10,interference,0,8
1750,11,11,interference,0,8
1751,11,12,interference,0,8
1752,11,13,interference,0,8
1753,11,14,interference,0,8
1754,11,15,interference,0,8
1755,11,16,interference,0,8
1756,11,17,interference,0,8
1757,11,18,interference,0,8
1758,11,19,interference,0,8
1759,11,20,interference,0,8
1760,12,1,simple,1,1
1761,12,2,simple,0,1
1762,12,3,simple,1,1
1763,12,4,simple,1,1
1764,12,5,simple,1,1
1765,12,6,simple,1,1
1766,12,7,simple,1,1
1767,12,8,simple,1,1
1768,12,9,simple,1,1
1769,12,10,simple,1,1
1770,12,11,simple,1,1
1771,12,12,simple,1,1
1772,12,13,simple,1,1
1773,12,14,simple,1,1
1774,12,15,simple,1,1
1775,12,16,simple,1,1
1776,12,17,simple,1,1
1777,12,18,simple,1,1
1778,12,19,simple,1,1
1779,12,20,simple,1,1
1780,12,1,simple,1,2
1781,12,2,simple,1,2
1782,12,3,simple,1,2
1783,12,4,simple,1,2
1784,12,5,simple,1,2
1785,12,6,simple,1,2
1786,12,7,simple,0,2
1787,12,8,simple,0,2
1788,12,9,simple,0,2
1789,12,10,simple,1,2
1790,12,11,simple,0,2
1791,12,12,simple,1,2
1792,12,13,simple,1,2
1793,12,14,simple,1,2
1794,12,15,simple,1,2
1795,12,16,simple,1,2
1796,12,17,simple,1,2
1797,12,18,simple,0,2
1798,12,19,simple,1,2
1799,12,20,simple,1,2
1800,12,1,simple,0,3
1801,12,2,simple,0,3
1802,12,3,simple,1,3
1803,12,4,simple,0,3
1804,12,5,simple,0,3
1805,12,6,simple,0,3
1806,12,7,simple,1,3
1807,12,8,simple,1,3
1808,12,9,simple,0,3
1809,12,10,simple,0,3
1810,12,11,simple,1,3
1811,12,12,simple,0,3
1812,12,13,simple,0,3
1813,12,14,simple,0,3
1814,12,15,simple,0,3
1815,12,16,simple,0,3
1816,12,17,simple,0,3
1817,12,18,simple,1,3
1818,12,19,simple,1,3
1819,12,20,simple,0,3
1820,12,1,simple,0,4
1821,12,2,simple,0,4
1822,12,3,simple,0,4
1823,12,4,simple,0,4
1824,12,5,simple,0,4
1825,12,6,simple,0,4
1826,12,7,simple,0,4
1827,12,8,simple,0,4
1828,12,9,simple,0,4
1829,12,10,simple,0,4
1830,12,11,simple,0,4
1831,12,12,simple,0,4
1832,12,13,simple,0,4
1833,12,14,simple,0,4
1834,12,15,simple,0,4
1835,12,16,simple,0,4
1836,12,17,simple,0,4
1837,12,18,simple,0,4
1838,12,19,simple,0,4
1839,12,20,simple,0,4
1840,12,1,simple,0,5
1841,12,2,simple,1,5
1842,12,3,simple,0,5
1843,12,4,simple,0,5
1844,12,5,simple,0,5
1845,12,6,simple,0,5
1846,12,7,simple,0,5
1847,12,8,simple,0,5
1848,12,9,simple,0,5
1849,12,10,simple,0,5
1850,12,11,simple,0,5
1851,12,12,simple,0,5
1852,12,13,simple,0,5
1853,12,14,simple,0,5
1854,12,15,simple,0,5
1855,12,16,simple,0,5
1856,12,17,simple,0,5
1857,12,18,simple,0,5
1858,12,19,simple,0,5
1859,12,20,simple,0,5
1860,12,1,simple,0,6
1861,12,2,simple,0,6
1862,12,3,simple,0,6
1863,12,4,simple,0,6
1864,12,5,simple,0,6
1865,12,6,simple,0,6
1866,12,7,simple,0,6
1867,12,8,simple,0,6
1868,12,9,simple,0,6
1869,12,10,simple,0,6
1870,12,11,simple,0,6
1871,12,12,simple,0,6
1872,12,13,simple,1,6
1873,12,14,simple,0,6
1874,12,15,simple,0,6
1875,12,16,simple,0,6
1876,12,17,simple,0,6
1877,12,18,simple,0,6
1878,12,19,simple,0,6
1879,12,20,simple,0,6
1880,12,1,simple,0,7
1881,12,2,simple,0,7
1882,12,3,simple,0,7
1883,12,4,simple,0,7
1884,12,5,simple,0,7
1885,12,6,simple,0,7
1886,12,7,simple,0,7
1887,12,8,simple,0,7
1888,12,9,simple,0,7
1889,12,10,simple,0,7
1890,12,11,simple,0,7
1891,12,12,simple,0,7
1892,12,13,simple,0,7
1893,12,14,simple,0,7
1894,12,15,simple,0,7
1895,12,16,simple,0,7
1896,12,17,simple,0,7
1897,12,18,simple,0,7
1898,12,19,simple,0,7
1899,12,20,simple,0,7
1900,12,1,simple,0,8
1901,12,2,simple,0,8
1902,12,3,simple,0,8
1903,12,4,simple,0,8
1904,12,5,simple,0,8
1905,12,6,simple,0,8
1906,12,7,simple,0,8
1907,12,8,simple,0,8
1908,12,9,simple,0,8
1909,12,10,simple,0,8
1910,12,11,simple,0,8
1911,12,12,simple,0,8
1912,12,13,simple,0,8
1913,12,14,simple,0,8
1914,12,15,simple,0,8
1915,12,16,simple,0,8
1916,12,17,simple,0,8
1917,12,18,simple,0,8
1918,12,19,simple,0,8
1919,12,20,simple,0,8
1920,13,1,simple,1,1
1921,13,2,simple,1,1
1922,13,3,simple,1,1
1923,13,4,simple,1,1
1924,13,5,simple,1,1
1925,13,6,simple,0,1
1926,13,7,simple,1,1
1927,13,8,simple,1,1
1928,13,9,simple,0,1
1929,13,10,simple,0,1
1930,13,11,simple,1,1
1931,13,12,simple,1,1
1932,13,13,simple,1,1
1933,13,14,simple,1,1
1934,13,15,simple,1,1
1935,13,16,simple,1,1
1936,13,17,simple,1,1
1937,13,18,simple,1,1
1938,13,19,simple,1,1
1939,13,20,simple,1,1
1940,13,1,simple,1,2
1941,13,2,simple,1,2
1942,13,3,simple,1,2
1943,13,4,simple,1,2
1944,13,5,simple,1,2
1945,13,6,simple,1,2
1946,13,7,simple,1,2
1947,13,8,simple,1,2
1948,13,9,simple,1,2
1949,13,10,simple,0,2
1950,13,11,simple,0,2
1951,13,12,simple,1,2
1952,13,13,simple,1,2
1953,13,14,simple,0,2
1954,13,15,simple,1,2
1955,13,16,simple,0,2
1956,13,17,simple,1,2
1957,13,18,simple,0,2
1958,13,19,simple,1,2
1959,13,20,simple,0,2
1960,13,1,simple,0,3
1961,13,2,simple,0,3
1962,13,3,simple,0,3
1963,13,4,simple,0,3
1964,13,5,simple,1,3
1965,13,6,simple,0,3
1966,13,7,simple,1,3
1967,13,8,simple,0,3
1968,13,9,simple,1,3
1969,13,10,simple,1,3
1970,13,11,simple,0,3
1971,13,12,simple,0,3
1972,13,13,simple,0,3
1973,13,14,simple,0,3
1974,13,15,simple,1,3
1975,13,16,simple,0,3
1976,13,17,simple,0,3
1977,13,18,simple,1,3
1978,13,19,simple,1,3
1979,13,20,simple,1,3
1980,13,1,simple,1,4
1981,13,2,simple,0,4
1982,13,3,simple,0,4
1983,13,4,simple,0,4
1984,13,5,simple,0,4
1985,13,6,simple,0,4
1986,13,7,simple,0,4
1987,13,8,simple,0,4
1988,13,9,simple,0,4
1989,13,10,simple,0,4
1990,13,11,simple,0,4
1991,13,12,simple,0,4
1992,13,13,simple,1,4
1993,13,14,simple,0,4
1994,13,15,simple,0,4
1995,13,16,simple,0,4
1996,13,17,simple,1,4
1997,13,18,simple,1,4
1998,13,19,simple,0,4
1999,13,20,simple,0,4
2000,13,1,simple,0,5
2001,13,2,simple,0,5
2002,13,3,simple,0,5
2003,13,4,simple,0,5
2004,13,5,simple,0,5
2005,13,6,simple,0,5
2006,13,7,simple,0,5
2007,13,8,simple,0,5
2008,13,9,simple,0,5
2009,13,10,simple,0,5
2010,13,11,simple,0,5
2011,13,12,simple,0,5
2012,13,13,simple,0,5
2013,13,14,simple,0,5
2014,13,15,simple,0,5
2015,13,16,simple,0,5
2016,13,17,simple,0,5
2017,13,18,simple,0,5
2018,13,19,simple,0,5
2019,13,20,simple,0,5
2020,13,1,simple,0,6
2021,13,2,simple,0,6
2022,13,3,simple,0,6
2023,13,4,simple,0,6
2024,13,5,simple,0,6
2025,13,6,simple,0,6
2026,13,7,simple,0,6
2027,13,8,simple,0,6
2028,13,9,simple,0,6
2029,13,10,simple,0,6
2030,13,11,simple,0,6
2031,13,12,simple,0,6
2032,13,13,simple,0,6
2033,13,14,simple,0,6
2034,13,15,simple,0,6
2035,13,16,simple,0,6
2036,13,17,simple,0,6
2037,13,18,simple,0,6
2038,13,19,simple,0,6
2039,13,20,simple,0,6
2040,13,1,simple,0,7
2041,13,2,simple,0,7
2042,13,3,simple,0,7
2043,13,4,simple,0,7
2044,13,5,simple,0,7
2045,13,6,simple,0,7
2046,13,7,simple,0,7
2047,13,8,simple,0,7
2048,13,9,simple,0,7
2049,13,10,simple,0,7
2050,13,11,simple,0,7
2051,13,12,simple,0,7
2052,13,13,simple,0,7
2053,13,14,simple,0,7
2054,13,15,simple,0,7
2055,13,16,simple,0,7
2056,13,17,simple,0,7
2057,13,18,simple,0,7
2058,13,19,simple,0,7
2059,13,20,simple,0,7
2060,13,1,simple,0,8
2061,13,2,simple,0,8
2062,13,3,simple,0,8
2063,13,4,simple,0,8
2064,13,5,simple,0,8
2065,13,6,simple,0,8
2066,13,7,simple,0,8
2067,13,8,simple,0,8
2068,13,9,simple,0,8
2069,13,10,simple,0,8
2070,13,11,simple,0,8
2071,13,12,simple,0,8
2072,13,13,simple,0,8
2073,13,14,simple,0,8
2074,13,15,simple,0,8
2075,13,16,simple,0,8
2076,13,17,simple,0,8
2077,13,18,simple,0,8
2078,13,19,simple,0,8
2079,13,20,simple,0,8
2080,14,1,interference,1,1
2081,14,2,interference,1,1
2082,14,3,interference,1,1
2083,14,4,interference,1,1
2084,14,5,interference,1,1
2085,14,6,interference,0,1
2086,14,7,interference,1,1
2087,14,8,interference,0,1
2088,14,9,interference,0,1
2089,14,10,interference,1,1
2090,14,11,interference,0,1
2091,14,12,interference,0,1
2092,14,13,interference,0,1
2093,14,14,interference,0,1
2094,14,15,interference,1,1
2095,14,16,interference,1,1
2096,14,17,interference,1,1
2097,14,18,interference,1,1
2098,14,19,interference,1,1
2099,14,20,interference,1,1
2100,14,1,interference,1,2
2101,14,2,interference,0,2
2102,14,3,interference,0,2
2103,14,4,interference,0,2
2104,14,5,interference,0,2
2105,14,6,interference,0,2
2106,14,7,interference,1,2
2107,14,8,interference,0,2
2108,14,9,interference,1,2
2109,14,10,interference,0,2
2110,14,11,interference,0,2
2111,14,12,interference,1,2
2112,14,13,interference,0,2
2113,14,14,interference,0,2
2114,14,15,interference,1,2
2115,14,16,interference,0,2
2116,14,17,interference,0,2
2117,14,18,interference,0,2
2118,14,19,interference,0,2
2119,14,20,interference,0,2
2120,14,1,interference,1,3
2121,14,2,interference,0,3
2122,14,3,interference,0,3
2123,14,4,interference,0,3
2124,14,5,interference,0,3
2125,14,6,interference,0,3
2126,14,7,interference,0,3
2127,14,8,interference,0,3
2128,14,9,interference,0,3
2129,14,10,interference,0,3
2130,14,11,interference,0,3
2131,14,12,interference,0,3
2132,14,13,interference,1,3
2133,14,14,interference,0,3
2134,14,15,interference,0,3
2135,14,16,interference,0,3
2136,14,17,interference,0,3
2137,14,18,interference,0,3
2138,14,19,interference,0,3
2139,14,20,interference,0,3
2140,14,1,interference,0,4
2141,14,2,interference,1,4
2142,14,3,interference,0,4
2143,14,4,interference,0,4
2144,14,5,interference,1,4
2145,14,6,interference,0,4
2146,14,7,interference,0,4
2147,14,8,interference,0,4
2148,14,9,interference,0,4
2149,14,10,interference,0,4
2150,14,11,interference,0,4
2151,14,12,interference,0,4
2152,14,13,interference,0,4
2153,14,14,interference,0,4
2154,14,15,interference,0,4
2155,14,16,interference,0,4
2156,14,17,interference,0,4
2157,14,18,interference,0,4
2158,14,19,interference,0,4
2159,14,20,interference,0,4
2160,14,1,interference,0,5
2161,14,2,interference,0,5
2162,14,3,interference,0,5
2163,14,4,interference,0,5
2164,14,5,interference,0,5
2165,14,6,interference,0,5
2166,14,7,interference,0,5
2167,14,8,interference,0,5
2168,14,9,interference,0,5
2169,14,10,interference,0,5
2170,14,11,interference,0,5
2171,14,12,interference,0,5
2172,14,13,interference,0,5
2173,14,14,interference,0,5
2174,14,15,interference,0,5
2175,14,16,interference,0,5
2176,14,17,interference,0,5
2177,14,18,interference,0,5
2178,14,19,interference,0,5
2179,14,20,interference,0,5
2180,14,1,interference,0,6
2181,14,2,interference,0,6
2182,14,3,interference,0,6
2183,14,4,interference,0,6
2184,14,5,interference,0,6
2185,14,6,interference,0,6
2186,14,7,interference,0,6
2187,14,8,interference,0,6
2188,14,9,interference,0,6
2189,14,10,interference,0,6
2190,14,11,interference,0,6
2191,14,12,interference,0,6
2192,14,13,interference,0,6
2193,14,14,interference,0,6
2194,14,15,interference,0,6
2195,14,16,interference,0,6
2196,14,17,interference,0,6
2197,14,18,interference,0,6
2198,14,19,interference,0,6
2199,14,20,interference,0,6
2200,14,1,interference,0,7
2201,14,2,interference,0,7
2202,14,3,interference,0,7
2203,14,4,interference,0,7
2204,14,5,interference,0,7
2205,14,6,interference,0,7
2206,14,7,interference,0,7
2207,14,8,interference,0,7
2208,14,9,interference,0,7
2209,14,10,interference,0,7
2210,14,11,interference,0,7
2211,14,12,interference,0,7
2212,14,13,interference,0,7
2213,14,14,interference,0,7
2214,14,15,interference,0,7
2215,14,16,interference,0,7
2216,14,17,interference,0,7
2217,14,18,interference,0,7
2218,14,19,interference,0,7
2219,14,20,interference,0,7
2220,14,1,interference,0,8
2221,14,2,interference,0,8
2222,14,3,interference,0,8
2223,14,4,interference,0,8
2224,14,5,interference,0,8
2225,14,6,interference,0,8
2226,14,7,interference,0,8
2227,14,8,interference,0,8
2228,14,9,interference,0,8
2229,14,10,interference,0,8
2230,14,11,interference,0,8
2231,14,12,interference,0,8
2232,14,13,interference,0,8
2233,14,14,interference,0,8
2234,14,15,interference,0,8
2235,14,16,interference,0,8
2236,14,17,interference,0,8
2237,14,18,interference,0,8
2238,14,19,interference,0,8
2239,14,20,interference,0,8
2240,15,1,simple,1,1
2241,15,2,simple,1,1
2242,15,3,simple,1,1
2243,15,4,simple,0,1
2244,15,5,simple,1,1
2245,15,6,simple,1,1
2246,15,7,simple,1,1
2247,15,8,simple,1,1
2248,15,9,simple,1,1
2249,15,10,simple,1,1
2250,15,11,simple,1,1
2251,15,12,simple,1,1
2252,15,13,simple,1,1
2253,15,14,simple,1,1
2254,15,15,simple,1,1
2255,15,16,simple,1,1
2256,15,17,simple,1,1
2257,15,18,simple,0,1
2258,15,19,simple,1,1
2259,15,20,simple,1,1
2260,15,1,simple,1,2
2261,15,2,simple,1,2
2262,15,3,simple,1,2
2263,15,4,simple,0,2
2264,15,5,simple,1,2
2265,15,6,simple,1,2
2266,15,7,simple,1,2
2267,15,8,simple,1,2
2268,15,9,simple,1,2
2269,15,10,simple,1,2
2270,15,11,simple,1,2
2271,15,12,simple,1,2
2272,15,13,simple,1,2
2273,15,14,simple,0,2
2274,15,15,simple,0,2
2275,15,16,simple,1,2
2276,15,17,simple,1,2
2277,15,18,simple,1,2
2278,15,19,simple,1,2
2279,15,20,simple,0,2
2280,15,1,simple,1,3
2281,15,2,simple,0,3
2282,15,3,simple,0,3
2283,15,4,simple,0,3
2284,15,5,simple,1,3
2285,15,6,simple,0,3
2286,15,7,simple,0,3
2287,15,8,simple,0,3
2288,15,9,simple,1,3
2289,15,10,simple,1,3
2290,15,11,simple,0,3
2291,15,12,simple,0,3
2292,15,13,simple,0,3
2293,15,14,simple,0,3
2294,15,15,simple,1,3
2295,15,16,simple,1,3
2296,15,17,simple,1,3
2297,15,18,simple,1,3
2298,15,19,simple,0,3
2299,15,20,simple,0,3
2300,15,1,simple,0,4
2301,15,2,simple,0,4
2302,15,3,simple,0,4
2303,15,4,simple,1,4
2304,15,5,simple,0,4
2305,15,6,simple,0,4
2306,15,7,simple,0,4
2307,15,8,simple,0,4
2308,15,9,simple,0,4
2309,15,10,simple,1,4
2310,15,11,simple,0,4
2311,15,12,simple,0,4
2312,15,13,simple,0,4
2313,15,14,simple,1,4
2314,15,15,simple,0,4
2315,15,16,simple,1,4
2316,15,17,simple,0,4
2317,15,18,simple,0,4
2318,15,19,simple,0,4
2319,15,20,simple,0,4
2320,15,1,simple,0,5
2321,15,2,simple,0,5
2322,15,3,simple,0,5
2323,15,4,simple,0,5
2324,15,5,simple,0,5
2325,15,6,simple,0,5
2326,15,7,simple,0,5
2327,15,8,simple,0,5
2328,15,9,simple,0,5
2329,15,10,simple,0,5
2330,15,11,simple,0,5
2331,15,12,simple,1,5
2332,15,13,simple,0,5
2333,15,14,simple,0,5
2334,15,15,simple,0,5
2335,15,16,simple,0,5
2336,15,17,simple,0,5
2337,15,18,simple,0,5
2338,15,19,simple,0,5
2339,15,20,simple,0,5
2340,15,1,simple,0,6
2341,15,2,simple,0,6
2342,15,3,simple,0,6
2343,15,4,simple,0,6
2344,15,5,simple,0,6
2345,15,6,simple,0,6
2346,15,7,simple,0,6
2347,15,8,simple,0,6
2348,15,9,simple,0,6
2349,15,10,simple,0,6
2350,15,11,simple,0,6
2351,15,12,simple,0,6
2352,15,13,simple,0,6
2353,15,14,simple,0,6
2354,15,15,simple,0,6
2355,15,16,simple,0,6
2356,15,17,simple,0,6
2357,15,18,simple,0,6
2358,15,19,simple,0,6
2359,15,20,simple,0,6
2360,15,1,simple,0,7
2361,15,2,simple,0,7
2362,15,3,simple,0,7
2363,15,4,simple,0,7
2364,15,5,simple,0,7
2365,15,6,simple,0,7
2366,15,7,simple,0,7
2367,15,8,simple,0,7
2368,15,9,simple,0,7
2369,15,10,simple,0,7
2370,15,11,simple,0,7
2371,15,12,simple,0,7
2372,15,13,simple,0,7
2373,15,14,simple,0,7
2374,15,15,simple,0,7
2375,15,16,simple,0,7
2376,15,17,simple,0,7
2377,15,18,simple,0,7
2378,15,19,simple,0,7
2379,15,20,simple,0,7
2380,15,1,simple,0,8
2381,15,2,simple,0,8
2382,15,3,simple,0,8
2383,15,4,simple,0,8
2384,15,5,simple,0,8
2385,15,6,simple,0,8
2386,15,7,simple,0,8
2387,15,8,simple,0,8
2388,15,9,simple,0,8
2389,15,10,simple,0,8
2390,15,11,simple,0,8
2391,15,12,simple,0,8
2392,15,13,simple,0,8
2393,15,14,simple,0,8
2394,15,15,simple,0,8
2395,15,16,simple,0,8
2396,15,17,simple,0,8
2397,15,18,simple,0,8
2398,15,19,simple,0,8
2399,15,20,simple,0,8
2400,16,1,interference,0,1
2401,16,2,interference,1,1
2402,16,3,interference,1,1
2403,16,4,interference,1,1
2404,16,5,interference,0,1
2405,16,6,interference,1,1
2406,16,7,interference,1,1
2407,16,8,interference,1,1
2408,16,9,interference,0,1
2409,16,10,interference,1,1
2410,16,11,interference,0,1
2411,16,12,interference,0,1
2412,16,13,interference,1,1
2413,16,14,interference,0,1
2414,16,15,interference,1,1
2415,16,16,interference,1,1
2416,16,17,interference,1,1
2417,16,18,interference,1,1
2418,16,19,interference,0,1
2419,16,20,interference,0,1
2420,16,1,interference,0,2
2421,16,2,interference,1,2
2422,16,3,interference,0,2
2423,16,4,interference,0,2
2424,16,5,interference,0,2
2425,16,6,interference,0,2
2426,16,7,interference,0,2
2427,16,8,interference,1,2
2428,16,9,interference,1,2
2429,16,10,interference,0,2
2430,16,11,interference,0,2
2431,16,12,interference,0,2
2432,16,13,interference,0,2
2433,16,14,interference,0,2
2434,16,15,interference,0,2
2435,16,16,interference,1,2
2436,16,17,interference,0,2
2437,16,18,interference,0,2
2438,16,19,interference,1,2
2439,16,20,interference,0,2
2440,16,1,interference,0,3
2441,16,2,interference,1,3
2442,16,3,interference,0,3
2443,16,4,interference,1,3
2444,16,5,interference,0,3
2445,16,6,interference,0,3
2446,16,7,interference,0,3
2447,16,8,interference,0,3
2448,16,9,interference,0,3
2449,16,10,interference,1,3
2450,16,11,interference,0,3
2451,16,12,interference,0,3
2452,16,13,interference,0,3
2453,16,14,interference,1,3
2454,16,15,interference,0,3
2455,16,16,interference,0,3
2456,16,17,interference,0,3
2457,16,18,interference,0,3
2458,16,19,interference,0,3
2459,16,20,interference,0,3
2460,16,1,interference,0,4
2461,16,2,interference,0,4
2462,16,3,interference,0,4
2463,16,4,interference,0,4
2464,16,5,interference,0,4
2465,16,6,interference,0,4
2466,16,7,interference,0,4
2467,16,8,interference,0,4
2468,16,9,interference,0,4
2469,16,10,interference,0,4
2470,16,11,interference,0,4
2471,16,12,interference,0,4
2472,16,13,interference,0,4
2473,16,14,interference,0,4
2474,16,15,interference,0,4
2475,16,16,interference,0,4
2476,16,17,interference,0,4
2477,16,18,interference,0,4
2478,16,19,interference,0,4
2479,16,20,interference,0,4
2480,16,1,interference,0,5
2481,16,2,interference,0,5
2482,16,3,interference,0,5
2483,16,4,interference,0,5
2484,16,5,interference,0,5
2485,16,6,interference,0,5
2486,16,7,interference,0,5
2487,16,8,interference,0,5
2488,16,9,interference,0,5
2489,16,10,interference,0,5
2490,16,11,interference,0,5
2491,16,12,interference,0,5
2492,16,13,interference,0,5
2493,16,14,interference,0,5
2494,16,15,interference,0,5
2495,16,16,interference,0,5
2496,16,17,interference,0,5
2497,16,18,interference,0,5
2498,16,19,interference,0,5
2499,16,20,interference,0,5
2500,16,1,interference,0,6
2501,16,2,interference,0,6
2502,16,3,interference,0,6
2503,16,4,interference,0,6
2504,16,5,interference,0,6
2505,16,6,interference,0,6
2506,16,7,interference,0,6
2507,16,8,interference,0,6
2508,16,9,interference,0,6
2509,16,10,interference,0,6
2510,16,11,interference,0,6
2511,16,12,interference,0,6
2512,16,13,interference,0,6
2513,16,14,interference,0,6
2514,16,15,interference,0,6
2515,16,16,interference,0,6
2516,16,17,interference,0,6
2517,16,18,interference,0,6
2518,16,19,interference,0,6
2519,16,20,interference,0,6
2520,16,1,interference,0,7
2521,16,2,interference,0,7
2522,16,3,interference,0,7
2523,16,4,interference,0,7
2524,16,5,interference,0,7
2525,16,6,interference,0,7
2526,16,7,interference,0,7
2527,16,8,interference,0,7
2528,16,9,interference,0,7
2529,16,10,interference,0,7
2530,16,11,interference,0,7
2531,16,12,interference,0,7
2532,16,13,interference,0,7
2533,16,14,interference,0,7
2534,16,15,interference,0,7
2535,16,16,interference,0,7
2536,16,17,interference,0,7
2537,16,18,interference,0,7
2538,16,19,interference,0,7
2539,16,20,interference,0,7
2540,16,1,interference,0,8
2541,16,2,interference,0,8
2542,16,3,interference,0,8
2543,16,4,interference,0,8
2544,16,5,interference,0,8
2545,16,6,interference,0,8
2546,16,7,interference,0,8
2547,16,8,interference,0,8
2548,16,9,interference,0,8
2549,16,10,interference,0,8
2550,16,11,interference,0,8
2551,16,12,interference,0,8
2552,16,13,interference,0,8
2553,16,14,interference,0,8
2554,16,15,interference,0,8
2555,16,16,interference,0,8
2556,16,17,interference,0,8
2557,16,18,interference,0,8
2558,16,19,interference,0,8
2559,16,20,interference,0,8
